,country,year,iso_code,population,gdp,cement_co2,cement_co2_per_capita,co2,co2_growth_abs,co2_growth_prct,co2_including_luc,co2_including_luc_growth_abs,co2_including_luc_growth_prct,co2_including_luc_per_capita,co2_including_luc_per_gdp,co2_including_luc_per_unit_energy,co2_per_capita,co2_per_gdp,co2_per_unit_energy,coal_co2,coal_co2_per_capita,consumption_co2,consumption_co2_per_capita,consumption_co2_per_gdp,cumulative_cement_co2,cumulative_co2,cumulative_co2_including_luc,cumulative_coal_co2,cumulative_flaring_co2,cumulative_gas_co2,cumulative_luc_co2,cumulative_oil_co2,cumulative_other_co2,energy_per_capita,energy_per_gdp,flaring_co2,flaring_co2_per_capita,gas_co2,gas_co2_per_capita,ghg_excluding_lucf_per_capita,ghg_per_capita,land_use_change_co2,land_use_change_co2_per_capita,methane,methane_per_capita,nitrous_oxide,nitrous_oxide_per_capita,oil_co2,oil_co2_per_capita,other_co2_per_capita,other_industry_co2,primary_energy_consumption,share_global_cement_co2,share_global_co2,share_global_co2_including_luc,share_global_coal_co2,share_global_cumulative_cement_co2,share_global_cumulative_co2,share_global_cumulative_co2_including_luc,share_global_cumulative_coal_co2,share_global_cumulative_flaring_co2,share_global_cumulative_gas_co2,share_global_cumulative_luc_co2,share_global_cumulative_oil_co2,share_global_cumulative_other_co2,share_global_flaring_co2,share_global_gas_co2,share_global_luc_co2,share_global_oil_co2,share_global_other_co2,share_of_temperature_change_from_ghg,temperature_change_from_ch4,temperature_change_from_co2,temperature_change_from_ghg,temperature_change_from_n2o,total_ghg,total_ghg_excluding_lucf,trade_co2,trade_co2_share
171,Afghanistan,2021,AFG,40099460.0,,0.012,0.0,11.874,0.192,1.647,12.241,0.229,1.907,0.305,,0.451,0.296,,0.438,4.204,0.105,,,,2.517,217.993,559.514,57.676,5.956,20.267,861.113,131.577,,676.696,,0.0,0.0,0.239,0.006,,,0.366,0.009,,,,,7.42,0.185,,,27.135,0.001,0.032,0.03,0.028,0.006,0.013,0.023,0.007,0.032,0.008,0.116,0.022,,0.0,0.003,0.009,0.063,,0.083,0.001,0.001,0.001,0.0,,,,
443,Africa,2021,,1393676724.0,,77.735,0.056,1450.796,64.907,4.683,2610.896,70.958,2.794,1.874,,0.466,1.041,,0.259,433.855,0.311,,,,1945.343,49133.684,175521.578,20588.996,2918.013,6304.812,165352.703,17376.52,,4027.117,,56.299,0.04,326.296,0.234,,,1160.682,0.833,,,,,556.612,0.4,,,5612.5,4.648,3.908,6.358,2.896,4.317,2.829,7.092,2.56,15.812,2.482,22.27,2.87,,13.516,4.119,29.466,4.702,,9.186,0.06,0.077,0.148,0.011,,,,
615,Africa (GCP),2021,,,,,,1450.783,,,,,,,,,,,,,,,,,,,,,,,,,,,,,,,,,,,,,,,,,,,,,,,,,,,,,,,,,,,,,,,,,,,,,,,
787,Aland Islands,2021,ALA,,,,,,,,,,,,,,,,,,,,,,,,,,,,5.276,,,,,,,,,,,0.0,,,,,,,,,,,,,,,,,,,,,0.001,,,,,0.0,,,,,,,,,,,
959,Albania,2021,ALB,2854710.0,,1.048,0.367,4.619,-0.109,-2.315,4.582,-0.219,-4.568,1.605,,0.114,1.618,,0.115,0.174,0.061,,,,24.375,293.839,555.742,66.782,0.136,16.707,454.299,185.838,,14100.432,,0.0,0.0,0.15,0.053,,,-0.037,-0.013,,,,,3.246,1.137,,,40.253,0.063,0.012,0.011,0.001,0.054,0.017,0.022,0.008,0.001,0.007,0.061,0.031,,0.0,0.002,-0.001,0.027,,0.024,0.0,0.0,0.0,0.0,,,,
1131,Algeria,2021,DZA,44177964.0,,11.028,0.25,176.269,3.765,2.182,178.321,3.728,2.135,4.036,,0.254,3.99,,0.251,1.096,0.025,,,,243.217,4862.567,5799.415,117.541,693.757,2154.349,1235.757,1653.702,,15914.461,,15.333,0.347,92.792,2.1,,,2.052,0.046,,,,,56.021,1.268,,,703.068,0.659,0.475,0.434,0.007,0.54,0.28,0.234,0.015,3.759,0.848,0.166,0.273,,3.681,1.171,0.052,0.473,,0.406,0.004,0.002,0.007,0.0,,,,
1303,American Samoa,2021,ASM,45056.0,,,,,,,,,,,,,,,,,,,,,,,,,,,0.476,,,35426.699,,,,,,,,0.0,,,,,,,,,,1.596,,,,,,,,,,,0.0,,,,,0.0,,,,,,,,,,,
1575,Andorra,2021,AND,79057.0,,0.0,0.0,0.453,0.004,0.892,0.453,0.004,0.892,5.729,,,5.729,,,0.0,0.0,,,,0.0,15.484,16.291,0.0,0.0,0.0,0.806,15.484,,,,0.0,0.0,0.0,0.0,,,0.0,0.0,,,,,0.453,5.729,,,,0.0,0.001,0.001,0.0,0.0,0.001,0.001,0.0,0.0,0.0,0.0,0.003,,0.0,0.0,0.0,0.004,,0.001,0.0,0.0,0.0,0.0,,,,
1747,Angola,2021,AGO,34503776.0,,1.124,0.033,21.363,1.087,5.361,90.283,-0.122,-0.135,2.617,,0.937,0.619,,0.222,0.0,0.0,,,,26.091,657.116,6569.969,1.601,236.486,46.112,10628.787,346.826,,2791.332,,3.386,0.098,2.951,0.086,,,68.92,1.997,,,,,13.902,0.403,,,96.311,0.067,0.058,0.22,0.0,0.058,0.038,0.265,0.0,1.281,0.018,1.432,0.057,,0.813,0.037,1.75,0.117,,0.419,0.003,0.004,0.007,0.0,,,,
1919,Anguilla,2021,AIA,15779.0,,0.0,0.0,0.145,0.013,10.164,0.145,0.013,10.164,9.173,,,9.173,,,0.0,0.0,,,,0.0,3.588,3.588,0.0,0.0,0.0,0.0,3.588,,,,0.0,0.0,0.0,0.0,,,0.0,0.0,,,,,0.145,9.173,,,,0.0,0.0,0.0,0.0,0.0,0.0,0.0,0.0,0.0,0.0,0.0,0.001,,0.0,0.0,0.0,0.001,,0.0,0.0,0.0,0.0,0.0,,,,
2090,Antarctica,2021,ATA,,,,,,,,,,,,,,,,,,,,,,,,,,,,,,,,,,,,,,,,,,,,,,,,,0.049,,,,,,,,,,,,,,,,,,,0.0,,0.0,0.0,,,,,
2262,Antigua and Barbuda,2021,ATG,93229.0,,0.0,0.0,0.469,0.043,10.164,0.469,0.043,10.164,5.027,,0.171,5.027,,0.171,0.0,0.0,,,,0.0,22.002,20.61,0.0,0.0,0.0,-8.097,22.002,,29464.332,,0.0,0.0,0.0,0.0,,,0.0,0.0,,,,,0.469,5.027,,,2.747,0.0,0.001,0.001,0.0,0.0,0.001,0.001,0.0,0.0,0.0,-0.001,0.004,,0.0,0.0,0.0,0.004,,0.001,0.0,0.0,0.0,0.0,,,,
2434,Argentina,2021,ARG,45276788.0,,4.671,0.103,186.448,17.186,10.153,218.069,11.726,5.683,4.816,,0.226,4.118,,0.193,4.816,0.106,,,,201.576,8636.5,21379.012,541.647,182.536,2970.459,13327.324,4740.281,,21328.186,,2.325,0.051,94.328,2.083,,,31.62,0.698,,,,,80.309,1.774,,,965.672,0.279,0.502,0.531,0.032,0.447,0.497,0.864,0.067,0.989,1.169,1.795,0.783,,0.558,1.191,0.803,0.678,,1.16,0.006,0.011,0.019,0.001,,,,
2610,Armenia,2021,ARM,2790971.0,,0.341,0.122,6.806,0.375,5.837,7.282,0.302,4.328,2.609,,0.148,2.439,,0.138,0.012,0.004,,,,15.224,383.291,631.674,43.914,2.157,163.669,252.779,158.328,,17684.547,,0.0,0.0,5.461,1.957,,,0.476,0.171,,,,,0.992,0.355,,,49.357,0.02,0.018,0.018,0.0,0.034,0.022,0.026,0.005,0.012,0.064,0.034,0.026,,0.0,0.069,0.012,0.008,,0.022,0.0,0.0,0.0,0.0,,,,
2781,Aruba,2021,ABW,106543.0,,0.0,0.0,0.858,0.079,10.164,,,,,,,8.054,,0.175,0.0,0.0,,,,0.0,76.866,,0.0,0.0,0.0,,76.866,,46090.324,,0.0,0.0,0.0,0.0,,,,,,,,,0.858,8.054,,,4.911,0.0,0.002,,0.0,0.0,0.004,,0.0,0.0,0.0,,0.013,,0.0,0.0,,0.007,,0.002,0.0,0.0,0.0,0.0,,,,
3053,Asia,2021,,4693332132.0,,1358.534,0.289,21688.988,999.242,4.83,23784.027,1009.758,4.434,5.068,,0.27,4.621,,0.246,11959.011,2.548,,,,27959.301,557596.562,818805.375,295094.906,6423.851,60839.258,305462.562,161598.469,5680.75,18812.572,,121.619,0.026,3242.854,0.691,,,2098.446,0.447,,,,,4806.574,1.024,0.043,200.396,88293.648,81.223,58.423,57.921,79.835,62.04,32.102,33.085,36.695,34.81,23.947,41.14,26.689,58.66,29.198,40.936,53.273,40.606,67.668,35.685,0.194,0.354,0.575,0.027,,,,
3225,Asia (GCP),2021,,,,,,18970.906,,,,,,,,,,,,,,,,,,,,,,,,,,,,,,,,,,,,,,,,,,,,,,,,,,,,,,,,,,,,,,,,,,,,,,,
3497,Asia (excl. China and India),2021,,,,356.572,0.192,7506.934,218.413,2.997,9189.079,219.77,2.45,4.941,,0.265,4.036,,0.216,2200.712,1.183,,,,9677.162,251138.344,414305.594,71003.422,6173.543,51194.348,201007.156,112308.664,781.198,,,114.17,0.061,2335.537,1.256,,,1685.55,0.906,,,,,2471.085,1.329,0.016,28.857,,21.319,20.221,22.378,14.691,21.473,14.459,16.741,8.829,33.453,20.151,27.072,18.549,8.067,27.41,29.482,42.791,20.876,9.744,18.58,0.098,0.19,0.299,0.012,,,,
3769,Australia,2021,AUS,25921094.0,,2.82,0.109,391.187,-8.735,-2.184,399.138,-15.77,-3.801,15.398,,0.251,15.091,,0.246,150.958,5.824,,,,194.196,18968.83,32711.873,10343.382,300.027,2154.456,13743.041,5863.383,113.386,61439.91,,17.273,0.666,77.242,2.98,,,7.951,0.307,,,,,139.156,5.368,0.144,3.738,1592.59,0.169,1.054,0.972,1.008,0.431,1.092,1.322,1.286,1.626,0.848,1.851,0.968,1.171,4.147,0.975,0.202,1.176,1.262,1.535,0.008,0.014,0.025,0.003,,,,
3973,Austria,2021,AUT,8922086.0,,1.821,0.204,64.626,2.588,4.172,62.391,2.515,4.2,6.993,,0.155,7.243,,0.16,12.269,1.375,,,,139.719,5571.7,5756.585,2743.821,4.763,740.529,213.208,1906.985,35.882,45241.051,,0.109,0.012,17.839,1.999,,,-2.235,-0.251,,,,,31.463,3.526,0.126,1.124,403.645,0.109,0.174,0.152,0.082,0.31,0.321,0.233,0.341,0.026,0.291,0.029,0.315,0.371,0.026,0.225,-0.057,0.266,0.38,0.184,0.001,0.002,0.003,0.0,,,,
4149,Azerbaijan,2021,AZE,10312992.0,,1.096,0.106,38.493,0.985,2.626,46.077,1.021,2.267,4.468,,0.235,3.732,,0.197,0.004,0.0,,,,31.923,2530.484,3368.733,24.269,31.776,1065.063,857.852,1377.453,,18974.334,,0.253,0.025,26.029,2.524,,,7.584,0.735,,,,,11.111,1.077,,,195.682,0.066,0.104,0.112,0.0,0.071,0.146,0.136,0.003,0.172,0.419,0.116,0.227,,0.061,0.329,0.193,0.094,,0.137,0.001,0.001,0.002,0.0,,,,
4321,Bahamas,2021,BHS,407920.0,,0.0,0.0,2.386,0.22,10.144,2.35,0.22,10.319,5.76,,0.163,5.85,,0.165,0.005,0.012,,,,4.262,171.632,174.234,0.27,0.0,0.0,7.218,167.1,,35447.574,,0.0,0.0,0.0,0.0,,,-0.037,-0.09,,,,,2.381,5.838,,,14.46,0.0,0.006,0.006,0.0,0.009,0.01,0.007,0.0,0.0,0.0,0.001,0.028,,0.0,0.0,-0.001,0.02,,0.006,0.0,0.0,0.0,0.0,,,,
4493,Bahrain,2021,BHR,1463266.0,,0.615,0.42,39.016,1.413,3.759,39.016,1.413,3.759,26.664,,0.165,26.664,,0.165,0.0,0.0,,,,8.062,972.275,972.275,0.154,2.018,744.945,0.0,217.097,,161111.203,,0.255,0.174,34.596,23.643,,,0.0,0.0,,,,,3.55,2.426,,,235.749,0.037,0.105,0.095,0.0,0.018,0.056,0.039,0.0,0.011,0.293,0.0,0.036,,0.061,0.437,0.0,0.03,,0.094,0.001,0.0,0.002,0.0,,,,
4665,Bangladesh,2021,BGD,169356240.0,,1.474,0.009,93.176,2.351,2.588,112.668,1.142,1.024,0.665,,0.235,0.55,,0.194,14.853,0.088,,,,23.702,1650.25,3872.723,138.255,0.282,1023.785,4776.646,464.226,,2831.162,,0.049,0.0,58.743,0.347,,,19.492,0.115,,,,,18.057,0.107,,,479.475,0.088,0.251,0.274,0.099,0.053,0.095,0.156,0.017,0.002,0.403,0.643,0.077,,0.012,0.742,0.495,0.153,,0.459,0.004,0.002,0.007,0.001,,,,
4837,Barbados,2021,BRB,281204.0,,0.071,0.251,1.125,0.104,10.152,0.979,0.067,7.357,3.481,,0.151,4.002,,0.174,0.0,0.0,,,,3.698,56.11,56.329,0.055,0.235,1.819,3.041,50.304,,23025.998,,0.018,0.065,0.058,0.205,,,-0.147,-0.521,,,,,0.979,3.481,,,6.475,0.004,0.003,0.002,0.0,0.008,0.003,0.002,0.0,0.001,0.001,0.0,0.008,,0.004,0.001,-0.004,0.008,,0.002,0.0,0.0,0.0,0.0,,,,
5013,Belarus,2021,BLR,9578172.0,,2.302,0.24,59.602,1.01,1.724,56.048,1.084,1.972,5.852,,0.183,6.223,,0.195,3.282,0.343,,,,83.154,5007.977,8820.257,544.968,10.144,1339.798,4006.657,2976.126,53.787,31910.822,,0.006,0.001,36.053,3.764,,,-3.554,-0.371,,,,,16.987,1.773,0.102,0.973,305.647,0.138,0.161,0.136,0.022,0.185,0.288,0.356,0.068,0.055,0.527,0.54,0.492,0.555,0.001,0.455,-0.09,0.144,0.329,0.3,0.001,0.004,0.005,0.001,,,,
5206,Belgium,2021,BEL,11611416.0,,2.634,0.227,95.722,5.354,5.925,98.873,5.464,5.85,8.515,,0.134,8.244,,0.13,11.016,0.949,,,,223.237,12644.15,12863.012,7534.479,3.33,1370.319,360.025,3437.206,75.58,63592.086,,0.101,0.009,35.777,3.081,,,3.151,0.271,,,,,44.567,3.838,0.14,1.626,738.394,0.157,0.258,0.241,0.074,0.495,0.728,0.52,0.937,0.018,0.539,0.048,0.568,0.78,0.024,0.452,0.08,0.377,0.549,0.429,0.001,0.006,0.007,0.0,,,,
5378,Belize,2021,BLZ,400037.0,,0.0,0.0,0.689,0.075,12.144,3.584,0.148,4.305,8.959,,1.205,1.723,,0.232,0.0,0.0,,,,0.0,19.833,222.232,0.0,0.006,0.051,269.56,19.775,,7437.571,,0.005,0.012,0.0,0.0,,,2.895,7.236,,,,,0.685,1.711,,,2.975,0.0,0.002,0.009,0.0,0.0,0.001,0.009,0.0,0.0,0.0,0.036,0.003,,0.001,0.0,0.073,0.006,,0.009,0.0,0.0,0.0,0.0,,,,
5550,Benin,2021,BEN,12996901.0,,0.388,0.03,7.756,0.492,6.773,19.334,0.126,0.654,1.488,,0.599,0.597,,0.24,0.284,0.022,,,,6.425,119.036,1361.425,1.512,0.0,0.592,1237.736,110.507,,2484.818,,0.0,0.0,0.123,0.009,,,11.578,0.891,,,,,6.961,0.536,,,32.295,0.023,0.021,0.047,0.002,0.014,0.007,0.055,0.0,0.0,0.0,0.167,0.018,,0.0,0.002,0.294,0.059,,0.054,0.0,0.001,0.001,0.0,,,,
5721,Bermuda,2021,BMU,64213.0,,0.0,0.0,0.548,0.051,10.164,,,,,,,8.533,,0.184,0.0,0.0,,,,0.0,29.504,,0.04,0.0,0.0,,29.463,,46490.223,,0.0,0.0,0.0,0.0,,,,,,,,,0.548,8.533,,,2.985,0.0,0.001,,0.0,0.0,0.002,,0.0,0.0,0.0,,0.005,,0.0,0.0,,0.005,,0.001,,0.0,0.0,,,,,
5893,Bhutan,2021,BTN,777500.0,,0.454,0.584,1.522,0.022,1.493,8.117,-0.271,-3.228,10.44,,0.376,1.958,,0.07,0.448,0.576,,,,4.841,19.719,636.847,5.567,0.0,0.0,1071.427,9.311,,27785.357,,0.0,0.0,0.0,0.0,,,6.595,8.483,,,,,0.62,0.797,,,21.603,0.027,0.004,0.02,0.003,0.011,0.001,0.026,0.001,0.0,0.0,0.144,0.002,,0.0,0.0,0.167,0.005,,0.018,0.0,0.0,0.0,0.0,,,,
6065,Bolivia,2021,BOL,12079474.0,,1.42,0.118,23.322,2.254,10.699,36.952,1.155,3.226,3.059,,0.433,1.931,,0.273,0.013,0.001,,,,28.789,577.561,5936.087,0.381,55.495,167.832,7686.816,325.063,,7062.148,,0.061,0.005,8.524,0.706,,,13.63,1.128,,,,,13.304,1.101,,,85.307,0.085,0.063,0.09,0.0,0.064,0.033,0.24,0.0,0.301,0.066,1.035,0.054,,0.015,0.108,0.346,0.112,,0.292,0.001,0.003,0.005,0.0,,,,
6237,Bonaire Sint Eustatius and Saba,2021,BES,26730.0,,0.0,0.0,0.103,0.01,10.164,0.103,0.01,10.164,3.868,,,3.868,,,0.0,0.0,,,,0.0,8.627,8.847,0.0,0.0,0.0,0.22,8.627,,,,0.0,0.0,0.0,0.0,,,0.0,0.0,,,,,0.103,3.868,,,,0.0,0.0,0.0,0.0,0.0,0.0,0.0,0.0,0.0,0.0,0.0,0.001,,0.0,0.0,0.0,0.001,,0.0,,0.0,0.0,,,,,
6409,Bosnia and Herzegovina,2021,BIH,3270948.0,,0.365,0.112,13.566,-7.367,-35.192,13.64,-6.964,-33.799,4.17,,0.181,4.148,,0.18,8.295,2.536,,,,11.675,964.362,1746.369,759.012,0.325,24.731,1099.347,168.619,,23013.498,,0.0,0.0,0.488,0.149,,,0.073,0.022,,,,,4.418,1.351,,,75.276,0.022,0.037,0.033,0.055,0.026,0.056,0.071,0.094,0.002,0.01,0.148,0.028,,0.0,0.006,0.002,0.037,,0.057,0.0,0.001,0.001,0.0,,,,
6581,Botswana,2021,BWA,2588424.0,,0.0,0.0,6.5,0.241,3.856,6.317,0.351,5.888,2.44,,0.26,2.511,,0.268,3.654,1.412,,,,0.237,156.471,274.158,91.333,0.0,0.004,270.073,64.897,,9385.398,,0.0,0.0,0.0,0.0,,,-0.183,-0.071,,,,,2.846,1.1,,,24.293,0.0,0.018,0.015,0.024,0.001,0.009,0.011,0.011,0.0,0.0,0.036,0.011,,0.0,0.0,-0.005,0.024,,0.041,0.0,0.0,0.001,0.0,,,,
6753,Brazil,2021,BRA,214326224.0,,23.793,0.111,488.881,46.575,10.53,1481.862,60.169,4.232,6.914,,0.415,2.281,,0.137,68.23,0.318,,,,782.059,16672.438,126316.5,2489.596,455.172,1329.302,113726.633,11446.671,169.637,16659.977,,17.505,0.082,75.974,0.354,,,992.981,4.633,,,,,296.987,1.386,0.03,6.392,3570.67,1.423,1.317,3.609,0.455,1.735,0.96,5.104,0.31,2.466,0.523,15.317,1.891,1.752,4.203,0.959,25.209,2.509,2.158,4.871,0.024,0.051,0.078,0.003,,,,
6924,British Virgin Islands,2021,VGB,31145.0,,0.0,0.0,0.159,0.015,10.164,,,,,,,5.09,,0.251,0.0,0.0,,,,0.0,5.674,,0.0,0.0,0.0,,5.674,,20316.449,,0.0,0.0,0.0,0.0,,,,,,,,,0.159,5.09,,,0.633,0.0,0.0,,0.0,0.0,0.0,,0.0,0.0,0.0,,0.001,,0.0,0.0,,0.001,,0.0,0.0,0.0,0.0,0.0,,,,
7196,Brunei,2021,BRN,445382.0,,0.0,0.0,10.481,-0.073,-0.688,11.616,-0.073,-0.621,26.082,,0.253,23.532,,0.228,0.386,0.866,,,,0.0,371.266,457.48,1.133,86.682,186.788,86.214,96.664,,103268.102,,0.405,0.91,5.811,13.047,,,1.136,2.55,,,,,3.879,8.709,,,45.994,0.0,0.028,0.028,0.003,0.0,0.021,0.018,0.0,0.47,0.074,0.012,0.016,,0.097,0.073,0.029,0.033,,0.03,0.0,0.0,0.0,0.0,,,,
7368,Bulgaria,2021,BGR,6885864.0,,1.066,0.155,42.56,5.593,15.13,37.614,5.74,18.007,5.462,,0.17,6.181,,0.192,20.854,3.028,,,,105.747,3873.285,4939.289,2168.837,10.019,342.416,1212.784,1219.407,26.858,32216.705,,0.684,0.099,6.062,0.88,,,-4.946,-0.718,,,,,12.778,1.856,0.162,1.116,221.84,0.064,0.115,0.092,0.139,0.235,0.223,0.2,0.27,0.054,0.135,0.163,0.201,0.277,0.164,0.077,-0.126,0.108,0.377,0.16,0.0,0.002,0.003,0.0,,,,
7540,Burkina Faso,2021,BFA,22100690.0,,0.852,0.039,5.698,0.309,5.739,9.106,0.309,3.516,0.412,,0.455,0.258,,0.285,0.0,0.0,,,,6.929,74.569,954.222,0.0,0.0,0.0,1135.693,67.64,,904.726,,0.0,0.0,0.0,0.0,,,3.408,0.154,,,,,4.846,0.219,,,19.995,0.051,0.015,0.022,0.0,0.015,0.004,0.039,0.0,0.0,0.0,0.153,0.011,,0.0,0.0,0.087,0.041,,0.09,0.001,0.001,0.001,0.0,,,,
7712,Burundi,2021,BDI,12551215.0,,0.029,0.002,0.693,0.036,5.445,4.98,-0.001,-0.017,0.397,,1.35,0.055,,0.188,0.05,0.004,,,,0.327,13.827,387.811,0.771,0.0,0.0,726.058,12.729,,293.889,,0.0,0.0,0.0,0.0,,,4.287,0.342,,,,,0.614,0.049,,,3.689,0.002,0.002,0.012,0.0,0.001,0.001,0.016,0.0,0.0,0.0,0.098,0.002,,0.0,0.0,0.109,0.005,,0.034,0.0,0.0,0.001,0.0,,,,
7984,Cambodia,2021,KHM,16589031.0,,5.325,0.321,19.029,0.325,1.739,48.927,1.095,2.289,2.949,,0.731,1.147,,0.284,4.698,0.283,,,,26.742,185.28,5000.875,28.768,0.024,0.0,4815.595,129.746,,4035.081,,0.024,0.001,0.0,0.0,,,29.898,1.802,,,,,8.981,0.541,,,66.938,0.318,0.051,0.119,0.031,0.059,0.011,0.202,0.004,0.0,0.0,0.649,0.021,,0.006,0.0,0.759,0.076,,0.152,0.001,0.001,0.002,0.0,,,,
8156,Cameroon,2021,CMR,27198632.0,,1.162,0.043,9.297,0.29,3.22,37.07,0.217,0.588,1.363,,0.855,0.342,,0.214,0.0,0.0,,,,18.587,242.587,2541.564,0.263,17.842,13.808,3509.013,192.087,,1593.62,,1.468,0.054,1.611,0.059,,,27.773,1.021,,,,,5.056,0.186,,,43.344,0.07,0.025,0.09,0.0,0.041,0.014,0.103,0.0,0.097,0.005,0.473,0.032,,0.352,0.02,0.705,0.043,,0.179,0.001,0.002,0.003,0.0,,,,
8393,Canada,2021,CAN,38155012.0,,6.625,0.174,545.635,10.771,2.014,655.994,1.977,0.302,17.193,,0.171,14.3,,0.142,43.862,1.15,,,,375.247,34115.395,72651.617,9714.966,627.008,8278.287,38536.598,15031.196,88.69,100738.891,,16.057,0.421,235.382,6.169,,,110.36,2.892,,,,,241.66,6.334,0.054,2.049,3843.694,0.396,1.47,1.598,0.293,0.833,1.964,2.936,1.208,3.398,3.258,5.19,2.483,0.916,3.855,2.971,2.802,2.042,0.692,2.074,0.005,0.027,0.033,0.001,,,,
8565,Cape Verde,2021,CPV,587936.0,,0.0,0.0,0.668,0.043,6.817,0.558,0.043,8.272,0.949,,0.131,1.136,,0.157,0.0,0.0,,,,0.072,15.299,19.183,0.244,0.0,0.0,7.548,14.983,,7249.497,,0.0,0.0,0.0,0.0,,,-0.11,-0.187,,,,,0.668,1.136,,,4.262,0.0,0.002,0.001,0.0,0.0,0.001,0.001,0.0,0.0,0.0,0.001,0.002,,0.0,0.0,-0.003,0.006,,0.001,0.0,0.0,0.0,0.0,,,,
8737,Central African Republic,2021,CAF,5457165.0,,0.0,0.0,0.227,0.013,6.093,3.818,0.233,6.496,0.7,,2.445,0.042,,0.146,0.0,0.0,,,,0.0,10.814,408.908,0.0,0.0,0.0,889.546,10.814,,286.132,,0.0,0.0,0.0,0.0,,,3.591,0.658,,,,,0.227,0.042,,,1.561,0.0,0.001,0.009,0.0,0.0,0.001,0.017,0.0,0.0,0.0,0.12,0.002,,0.0,0.0,0.091,0.002,,0.077,0.001,0.0,0.001,0.0,,,,
8909,Central America (GCP),2021,,,,,,177.165,,,,,,,,,,,,,,,,,,,,,,,,,,,,,,,,,,,,,,,,,,,,,,,,,,,,,,,,,,,,,,,,,,,,,,,
9081,Chad,2021,TCD,17179744.0,,0.163,0.009,1.94,0.138,7.642,22.129,0.394,1.814,1.288,,3.566,0.113,,0.313,0.0,0.0,,,,1.163,36.605,688.76,0.0,3.477,0.0,1252.282,31.964,,361.161,,0.336,0.02,0.0,0.0,,,20.189,1.175,,,,,1.441,0.084,,,6.205,0.01,0.005,0.054,0.0,0.003,0.002,0.028,0.0,0.019,0.0,0.169,0.005,,0.081,0.0,0.513,0.012,,0.158,0.002,0.0,0.003,0.0,,,,
9253,Chile,2021,CHL,19493184.0,,0.825,0.042,85.447,1.613,1.924,116.334,-0.952,-0.811,5.968,,0.244,4.383,,0.179,26.185,1.343,,,,56.722,2996.752,6985.566,931.828,78.462,319.975,4675.997,1609.764,,24462.756,,0.012,0.001,11.606,0.595,,,30.888,1.585,,,,,46.819,2.402,,,476.857,0.049,0.23,0.283,0.175,0.126,0.173,0.282,0.116,0.425,0.126,0.63,0.266,,0.003,0.147,0.784,0.396,,0.254,0.001,0.003,0.004,0.0,,,,
9425,China,2021,CHN,1425893504.0,,852.961,0.598,11472.368,516.155,4.711,11799.967,548.765,4.877,8.275,,0.269,8.046,,0.261,7955.985,5.58,,,,15657.812,249352.812,305425.0,187073.406,68.488,7162.012,59697.332,34491.543,4899.551,30768.826,,4.677,0.003,773.866,0.543,,,327.598,0.23,,,,,1713.34,1.202,0.12,171.539,43873.07,50.996,30.903,28.736,53.112,34.743,14.356,12.341,23.262,0.371,2.819,8.04,5.697,50.593,1.123,9.769,8.317,14.474,57.924,12.336,0.062,0.128,0.199,0.009,,,,
9596,Christmas Island,2021,CXR,,,,,,,,,,,,,,,,,,,,,,,,,,,,,,,,,,,,,,,,,,,,,,,,,,,,,,,,,,,,,,,,,,,,0.0,,0.0,0.0,,,,,
9768,Colombia,2021,COL,51516560.0,,5.871,0.114,91.703,6.178,7.223,220.163,16.62,8.165,4.274,,0.383,1.78,,0.16,12.015,0.233,,,,189.938,3503.543,18382.498,753.498,63.889,664.234,20363.596,1831.986,,11147.847,,0.616,0.012,23.257,0.451,,,128.46,2.494,,,,,49.945,0.969,,,574.299,0.351,0.247,0.536,0.08,0.421,0.202,0.743,0.094,0.346,0.261,2.743,0.303,,0.148,0.294,3.261,0.422,,0.819,0.004,0.009,0.013,0.001,,,,
9940,Comoros,2021,COM,821632.0,,0.0,0.0,0.298,0.016,5.553,0.262,0.016,6.38,0.318,,0.195,0.363,,0.222,0.0,0.0,,,,0.0,5.63,13.837,0.0,0.0,0.0,16.378,5.63,,1633.784,,0.0,0.0,0.0,0.0,,,-0.037,-0.045,,,,,0.298,0.363,,,1.342,0.0,0.001,0.001,0.0,0.0,0.0,0.001,0.0,0.0,0.0,0.002,0.001,,0.0,0.0,-0.001,0.003,,0.002,0.0,0.0,0.0,0.0,,,,
10112,Congo,2021,COG,5835814.0,,0.283,0.048,7.464,-0.065,-0.87,26.371,0.044,0.169,4.519,,1.925,1.279,,0.545,0.0,0.0,,,,3.255,110.436,1272.987,0.0,31.679,13.663,3556.938,61.839,,2348.011,,2.862,0.49,2.292,0.393,,,18.906,3.24,,,,,2.027,0.347,,,13.703,0.017,0.02,0.064,0.0,0.007,0.006,0.051,0.0,0.172,0.005,0.479,0.01,,0.687,0.029,0.48,0.017,,0.113,0.001,0.001,0.002,0.0,,,,
10283,Cook Islands,2021,COK,17028.0,,0.0,0.0,0.091,0.002,2.767,,,,,,,5.368,,0.185,0.0,0.0,,,,0.0,2.437,,0.0,0.0,0.0,,2.437,,28943.293,,0.0,0.0,0.0,0.0,,,,,,,,,0.091,5.368,,,0.493,0.0,0.0,,0.0,0.0,0.0,,0.0,0.0,0.0,,0.0,,0.0,0.0,,0.001,,0.0,0.0,0.0,0.0,0.0,,,,
10455,Costa Rica,2021,CRI,5153959.0,,0.737,0.143,7.82,0.738,10.418,7.6,-0.105,-1.362,1.475,,0.123,1.517,,0.127,0.0,0.0,,,,22.125,261.266,1425.868,0.799,0.0,0.0,2048.433,238.342,,11957.598,,0.0,0.0,0.0,0.0,,,-0.22,-0.043,,,,,7.083,1.374,,,61.629,0.044,0.021,0.019,0.0,0.049,0.015,0.058,0.0,0.0,0.0,0.276,0.039,,0.0,0.0,-0.006,0.06,,0.062,0.0,0.001,0.001,0.0,,,,
10727,Cote d'Ivoire,2021,CIV,27478250.0,,0.0,0.0,11.707,0.743,6.775,52.524,3.674,7.521,1.911,,0.806,0.426,,0.18,0.0,0.0,,,,0.0,347.682,12914.25,0.0,1.298,82.059,12566.566,264.325,,2370.596,,0.028,0.001,4.929,0.179,,,40.817,1.485,,,,,6.749,0.246,,,65.14,0.0,0.032,0.128,0.0,0.0,0.02,0.522,0.0,0.007,0.032,1.692,0.044,,0.007,0.062,1.036,0.057,,0.3,0.001,0.004,0.005,0.0,,,,
10899,Croatia,2021,HRV,4060139.0,,1.213,0.299,17.701,0.831,4.925,15.247,0.684,4.7,3.755,,0.155,4.36,,0.18,1.686,0.415,,,,79.929,1118.099,1846.978,142.221,18.859,206.837,1049.736,664.501,5.752,24213.969,,0.288,0.071,5.311,1.308,,,-2.455,-0.605,,,,,9.05,2.229,0.038,0.153,98.312,0.073,0.048,0.037,0.011,0.177,0.064,0.075,0.018,0.102,0.081,0.141,0.11,0.059,0.069,0.067,-0.062,0.076,0.052,0.062,0.0,0.001,0.001,0.0,,,,
11071,Cuba,2021,CUB,11256373.0,,0.633,0.056,22.057,2.325,11.784,14.839,2.142,16.869,1.318,,0.143,1.96,,0.212,0.005,0.0,,,,59.565,1636.841,4701.887,11.284,0.764,42.923,4087.558,1522.305,,9229.538,,0.073,0.006,2.209,0.196,,,-7.218,-0.641,,,,,19.137,1.7,,,103.891,0.038,0.059,0.036,0.0,0.132,0.094,0.19,0.001,0.004,0.017,0.551,0.251,,0.017,0.028,-0.183,0.162,,0.19,0.001,0.002,0.003,0.0,,,,
11243,Curacao,2021,CUW,190348.0,,0.0,0.0,1.844,0.17,10.164,1.88,0.17,9.946,9.879,,,9.686,,,0.0,0.0,,,,0.0,575.62,580.127,0.0,0.0,0.791,4.836,574.829,,,,0.0,0.0,0.0,0.0,,,0.037,0.192,,,,,1.844,9.686,,,,0.0,0.005,0.005,0.0,0.0,0.033,0.023,0.0,0.0,0.0,0.001,0.095,,0.0,0.0,0.001,0.016,,0.016,,0.0,0.0,,,,,
11415,Cyprus,2021,CYP,1244193.0,,0.882,0.709,7.6,0.331,4.551,6.794,0.331,5.119,5.461,,0.228,6.109,,0.255,0.201,0.162,,,,34.089,301.471,252.154,4.096,0.0,0.029,65.622,261.932,1.326,23985.012,,0.0,0.0,0.0,0.0,,,-0.806,-0.648,,,,,6.497,5.222,0.016,0.02,29.842,0.053,0.02,0.017,0.001,0.076,0.017,0.01,0.001,0.0,0.0,0.009,0.043,0.014,0.0,0.0,-0.02,0.055,0.007,0.011,0.0,0.0,0.0,0.0,,,,
11587,Czechia,2021,CZE,10510748.0,,1.891,0.18,97.138,5.284,5.753,74.934,3.636,5.099,7.129,,0.161,9.242,,0.208,51.778,4.926,,,,149.973,12076.99,11759.065,9729.794,8.814,690.755,-208.665,1445.188,52.466,44385.371,,0.053,0.005,18.681,1.777,,,-22.204,-2.112,,,,,23.232,2.21,0.143,1.503,466.523,0.113,0.262,0.182,0.346,0.333,0.695,0.475,1.21,0.048,0.272,-0.028,0.239,0.542,0.013,0.236,-0.564,0.196,0.508,0.363,0.001,0.005,0.006,0.0,,,,
11759,Democratic Republic of Congo,2021,COD,95894120.0,,0.451,0.005,2.607,0.124,4.986,401.287,23.463,6.21,4.185,,10.185,0.027,,0.066,0.0,0.0,,,,13.617,195.405,23054.625,45.929,0.0,0.249,24133.742,135.609,,410.887,,0.0,0.0,0.0,0.0,,,398.68,4.158,,,,,2.156,0.022,,,39.402,0.027,0.007,0.977,0.0,0.03,0.011,0.932,0.006,0.0,0.0,3.25,0.022,,0.0,0.0,10.121,0.018,,0.682,0.002,0.009,0.011,0.0,,,,
11938,Denmark,2021,DNK,5854246.0,,1.227,0.21,29.577,1.295,4.579,30.42,1.368,4.71,5.196,,0.162,5.052,,0.157,4.377,0.748,,,,81.546,4115.088,5317.484,1846.31,18.731,277.887,1203.88,1875.227,15.387,32148.652,,0.126,0.022,4.778,0.816,,,0.843,0.144,,,,,18.666,3.188,0.069,0.403,188.206,0.073,0.08,0.074,0.029,0.181,0.237,0.215,0.23,0.101,0.109,0.162,0.31,0.159,0.03,0.06,0.021,0.158,0.136,0.175,0.0,0.002,0.003,0.0,,,,
12110,Djibouti,2021,DJI,1105562.0,,0.077,0.07,0.379,0.016,4.368,0.452,0.016,3.635,0.409,,0.147,0.343,,0.123,0.0,0.0,,,,0.593,19.24,23.711,0.0,0.0,0.0,4.47,18.647,,2785.072,,0.0,0.0,0.0,0.0,,,0.073,0.066,,,,,0.302,0.273,,,3.079,0.005,0.001,0.001,0.0,0.001,0.001,0.001,0.0,0.0,0.0,0.001,0.003,,0.0,0.0,0.002,0.003,,0.004,0.0,0.0,0.0,0.0,,,,
12282,Dominica,2021,DMA,72435.0,,0.0,0.0,0.159,0.015,10.164,0.085,0.015,20.71,1.177,,0.112,2.189,,0.207,0.0,0.0,,,,0.0,4.981,3.919,0.0,0.0,0.0,0.953,4.981,,10547.773,,0.0,0.0,0.0,0.0,,,-0.073,-1.012,,,,,0.159,2.189,,,0.764,0.0,0.0,0.0,0.0,0.0,0.0,0.0,0.0,0.0,0.0,0.0,0.001,,0.0,0.0,-0.002,0.001,,0.0,0.0,0.0,0.0,0.0,,,,
12454,Dominican Republic,2021,DOM,11117873.0,,2.171,0.195,28.922,2.542,9.637,28.263,2.689,10.514,2.542,,0.255,2.601,,0.26,4.524,0.407,,,,53.73,776.145,1554.562,57.33,0.0,29.951,1478.827,635.134,,9987.583,,0.0,0.0,2.99,0.269,,,-0.66,-0.059,,,,,19.237,1.73,,,111.041,0.13,0.078,0.069,0.03,0.119,0.045,0.063,0.007,0.0,0.012,0.199,0.105,,0.0,0.038,-0.017,0.163,,0.083,0.0,0.001,0.001,0.0,,,,
12626,East Timor,2021,TLS,1320944.0,,0.0,0.0,0.736,0.018,2.457,4.987,0.201,4.197,3.775,,2.337,0.557,,0.345,0.0,0.0,,,,0.0,9.278,107.913,0.0,2.367,0.0,427.735,6.911,,1615.498,,0.081,0.061,0.0,0.0,,,4.25,3.218,,,,,0.656,0.496,,,2.134,0.0,0.002,0.012,0.0,0.0,0.001,0.004,0.0,0.013,0.0,0.058,0.001,,0.019,0.0,0.108,0.006,,0.018,0.0,0.0,0.0,0.0,,,,
12798,Ecuador,2021,ECU,17797736.0,,2.472,0.139,41.322,6.864,19.921,45.792,4.959,12.145,2.573,,0.216,2.322,,0.195,0.0,0.0,,,,69.174,1249.648,4689.301,0.0,66.647,34.003,4090.123,1079.825,,11923.518,,2.322,0.13,1.026,0.058,,,4.47,0.251,,,,,35.501,1.995,,,212.212,0.148,0.111,0.112,0.0,0.153,0.072,0.189,0.0,0.361,0.013,0.551,0.178,,0.558,0.013,0.113,0.3,,0.225,0.001,0.002,0.004,0.0,,,,
12970,Egypt,2021,EGY,109262184.0,,16.156,0.148,249.624,13.804,5.854,249.917,13.804,5.847,2.287,,0.237,2.285,,0.237,6.228,0.057,,,,544.793,6667.728,6980.707,169.393,66.869,2138.55,355.774,3748.122,,9639.12,,3.915,0.036,126.313,1.156,,,0.293,0.003,,,,,97.012,0.888,,,1053.191,0.966,0.672,0.609,0.042,1.209,0.384,0.282,0.021,0.362,0.842,0.048,0.619,,0.94,1.594,0.007,0.82,,0.418,0.003,0.003,0.007,0.0,,,,
13142,El Salvador,2021,SLV,6314165.0,,0.457,0.072,7.204,0.703,10.82,6.252,0.703,12.678,0.99,,0.14,1.141,,0.161,0.004,0.001,,,,18.571,239.956,407.071,0.103,0.0,0.0,636.07,221.282,,7076.433,,0.0,0.0,0.0,0.0,,,-0.953,-0.151,,,,,6.742,1.068,,,44.682,0.027,0.019,0.015,0.0,0.041,0.014,0.016,0.0,0.0,0.0,0.086,0.037,,0.0,0.0,-0.024,0.057,,0.042,0.0,0.0,0.001,0.0,,,,
13314,Equatorial Guinea,2021,GNQ,1634473.0,,0.0,0.0,5.225,0.236,4.724,6.214,0.309,5.232,3.802,,0.307,3.197,,0.258,0.0,0.0,,,,0.0,147.287,295.826,0.0,54.49,65.609,277.511,27.188,,12399.339,,0.479,0.293,3.628,2.22,,,0.989,0.605,,,,,1.118,0.684,,,20.266,0.0,0.014,0.015,0.0,0.0,0.008,0.012,0.0,0.295,0.026,0.037,0.004,,0.115,0.046,0.025,0.009,,0.041,0.0,0.0,0.001,0.0,,,,
13486,Eritrea,2021,ERI,3620324.0,,0.108,0.03,0.821,0.037,4.783,7.269,0.111,1.547,2.008,,2.196,0.227,,0.248,0.0,0.0,,,,1.381,18.823,94.009,0.0,0.0,0.0,197.196,17.442,,914.495,,0.0,0.0,0.0,0.0,,,6.449,1.781,,,,,0.712,0.197,,,3.311,0.006,0.002,0.018,0.0,0.003,0.001,0.004,0.0,0.0,0.0,0.027,0.003,,0.0,0.0,0.164,0.006,,0.019,0.0,0.0,0.0,0.0,,,,
13662,Estonia,2021,EST,1328704.0,,0.02,0.015,10.449,1.106,11.838,10.009,1.399,16.25,7.533,,0.162,7.864,,0.17,6.222,4.682,,,,22.182,1640.459,1665.594,1171.059,2.842,73.545,109.59,368.566,2.265,46380.293,,0.0,0.0,0.915,0.688,,,-0.44,-0.331,,,,,3.227,2.428,0.05,0.066,61.626,0.001,0.028,0.024,0.042,0.049,0.094,0.067,0.146,0.015,0.029,0.015,0.061,0.023,0.0,0.012,-0.011,0.027,0.022,0.065,0.0,0.001,0.001,0.0,,,,
13834,Eswatini,2021,SWZ,1192273.0,,0.0,0.0,1.087,0.027,2.565,1.93,0.137,7.648,1.619,,0.271,0.912,,0.152,0.191,0.16,,,,0.0,41.99,163.121,20.74,0.0,0.0,241.384,21.25,,5981.112,,0.0,0.0,0.0,0.0,,,0.843,0.707,,,,,0.896,0.752,,,7.131,0.0,0.003,0.005,0.001,0.0,0.002,0.007,0.003,0.0,0.0,0.033,0.004,,0.0,0.0,0.021,0.008,,0.008,0.0,0.0,0.0,0.0,,,,
14006,Ethiopia,2021,ETH,120283024.0,,3.914,0.033,17.793,0.752,4.412,249.321,-3.022,-1.198,2.073,,2.378,0.148,,0.17,1.264,0.011,,,,41.354,280.639,6389.81,12.355,0.011,0.0,9867.188,226.919,,871.584,,0.0,0.0,0.0,0.0,,,231.528,1.925,,,,,12.614,0.105,,,104.837,0.234,0.048,0.607,0.008,0.092,0.016,0.258,0.002,0.0,0.0,1.329,0.037,,0.0,0.0,5.878,0.107,,0.491,0.004,0.003,0.008,0.001,,,,
14278,Europe,2021,,746417727.0,,108.911,0.146,5306.228,295.281,5.893,5552.516,314.931,6.013,7.442,,0.184,7.112,,0.176,1233.288,1.653,,,,9148.525,537244.188,662838.812,285744.406,2800.753,83982.352,137644.484,153384.5,2183.689,40415.152,,85.38,0.114,1936.246,2.595,,,252.156,0.338,,,,,1884.735,2.526,0.077,57.668,30166.586,6.512,14.293,13.522,8.233,20.3,30.931,26.783,35.532,15.177,33.056,18.538,25.333,22.549,20.498,24.442,6.401,15.922,19.473,21.15,0.053,0.268,0.341,0.019,,,,
14450,Europe (GCP),2021,,,,,,5306.228,,,,,,,,,,,,,,,,,,,,,,,,,,,,,,,,,,,,,,,,,,,,,,,,,,,,,,,,,,,,,,,,,,,,,,,
14722,Europe (excl. EU-27),2021,,,,38.604,0.128,2513.211,124.061,5.193,2950.54,137.189,4.876,9.802,,0.221,8.349,,0.188,545.581,1.813,,,,3037.109,244052.562,358031.281,125126.703,2043.087,51018.727,123197.164,61957.68,869.241,,,66.426,0.221,1152.496,3.829,,,443.197,1.472,,,,,686.738,2.281,0.078,23.365,,2.308,6.77,7.185,3.642,6.739,14.051,14.467,15.559,11.071,20.082,16.592,10.233,8.976,15.948,14.548,11.251,5.802,7.89,10.79,0.029,0.136,0.174,0.008,,,,
14994,Europe (excl. EU-28),2021,,,,34.704,0.148,2166.438,103.551,5.02,2597.501,116.129,4.68,11.113,,0.229,9.269,,0.191,521.892,2.233,,,,2513.562,165543.844,281951.219,68276.109,1752.632,43835.496,122045.055,48412.055,753.982,,,62.952,0.269,993.633,4.251,,,436.932,1.869,,,,,532.627,2.279,0.088,20.63,,2.075,5.836,6.326,3.484,5.577,9.531,11.393,8.49,9.497,17.254,16.437,7.996,7.786,15.114,12.543,11.092,4.5,6.966,8.379,0.026,0.102,0.135,0.007,,,,
15224,European Union (27),2021,,445051201.0,,70.307,0.158,2793.016,171.22,6.531,2601.976,177.742,7.332,5.846,,0.155,6.276,,0.167,687.707,1.545,,,,6111.417,293191.656,304807.531,160617.672,757.666,32963.621,14447.335,91426.812,1314.448,37623.633,,18.954,0.043,783.749,1.761,,,-191.041,-0.429,,,,,1197.997,2.692,0.077,34.303,16744.443,4.203,7.524,6.337,4.591,13.561,16.88,12.316,19.973,4.106,12.975,1.946,15.1,13.573,4.55,9.894,-4.85,10.121,11.583,10.36,0.024,0.132,0.167,0.011,,,,
15396,European Union (27) (GCP),2021,,,,,,2793.016,,,,,,,,,,,,,,,,,,,,,,,,,,,,,,,,,,,,,,,,,,,,,,,,,,,,,,,,,,,,,,,,,,,,,,,
15668,European Union (28),2021,,,,74.207,0.145,3139.79,191.73,6.504,2955.014,198.802,7.213,5.768,,0.158,6.128,,0.167,711.397,1.389,,,,6634.963,371700.375,380887.625,217468.266,1048.12,40146.855,15599.443,104972.445,1429.707,,,22.428,0.044,942.613,1.84,,,-184.776,-0.361,,,,,1352.108,2.639,0.072,37.038,,4.437,8.458,7.196,4.749,14.722,21.4,15.39,27.042,5.68,15.802,2.101,17.337,14.763,5.384,11.899,-4.691,11.423,12.507,12.771,0.027,0.166,0.206,0.013,,,,
15840,Falkland Islands,2021,FLK,3786.0,,,,,,,,,,,,,,,,,,,,,,,,,,,20.775,,,49393.32,,,,,,,,0.11,,,,,,,,,,0.187,,,,,,,,,,,0.003,,,,,0.003,,,,,,,,,,,
16012,Faroe Islands,2021,FRO,52915.0,,0.0,0.0,0.698,0.006,0.892,0.772,0.006,0.806,14.582,,0.206,13.198,,0.186,0.0,0.0,,,,0.0,31.347,33.436,0.238,0.0,0.0,26.894,31.11,,70956.359,,0.0,0.0,0.0,0.0,,,0.073,1.385,,,,,0.698,13.198,,,3.755,0.0,0.002,0.002,0.0,0.0,0.002,0.001,0.0,0.0,0.0,0.004,0.005,,0.0,0.0,0.002,0.006,,0.001,,0.0,0.0,,,,,
16184,Fiji,2021,FJI,924615.0,,0.0,0.0,1.47,0.04,2.767,1.617,0.04,2.51,1.749,,0.19,1.59,,0.172,0.0,0.0,,,,1.267,49.743,102.798,1.886,0.0,0.004,72.327,46.586,,9222.848,,0.0,0.0,0.0,0.0,,,0.147,0.159,,,,,1.47,1.59,,,8.528,0.0,0.004,0.004,0.0,0.003,0.003,0.004,0.0,0.0,0.0,0.01,0.008,,0.0,0.0,0.004,0.012,,0.008,0.0,0.0,0.0,0.0,,,,
16356,Finland,2021,FIN,5535982.0,,0.57,0.103,37.602,0.006,0.017,56.985,-0.616,-1.07,10.294,,0.178,6.792,,0.118,12.291,2.22,,,,48.564,3226.029,6205.74,1258.133,2.691,241.369,3143.236,1647.094,28.177,57765.715,,0.076,0.014,4.267,0.771,,,19.383,3.501,,,,,19.826,3.581,0.104,0.573,319.79,0.034,0.101,0.139,0.082,0.108,0.186,0.251,0.156,0.015,0.095,0.423,0.272,0.291,0.018,0.054,0.492,0.167,0.194,0.22,0.001,0.002,0.004,0.0,,,,
16570,France,2021,FRA,64531448.0,,5.994,0.093,305.964,25.932,9.26,290.245,26.921,10.224,4.498,,0.111,4.741,,0.117,28.878,0.447,,,,699.426,39105.766,34083.57,19078.953,171.551,3663.175,-4701.388,15350.882,141.778,40464.465,,2.149,0.033,85.58,1.326,,,-15.719,-0.244,,,,,179.746,2.785,0.056,3.617,2611.23,0.358,0.824,0.707,0.193,1.552,2.251,1.377,2.372,0.93,1.442,-0.633,2.535,1.464,0.516,1.08,-0.399,1.518,1.221,1.322,0.003,0.016,0.021,0.002,,,,
16750,French Equatorial Africa (Jones et al. 2023),2021,,,,,,,,,,,,,,,,,,,,,,,,,,,,,,,,,,,,,,,,,,,,,,,,,,,,,,,,,,,,,,,,,,,,,0.0,,0.0,0.0,,,,,
17022,French Guiana,2021,GUF,297462.0,,0.0,0.0,0.651,0.0,0.0,1.824,-0.037,-1.969,6.131,,,2.19,,,0.0,0.0,,,,0.0,28.186,78.347,0.0,0.0,0.0,50.16,28.186,,0.0,,0.0,0.0,0.0,0.0,,,1.172,3.942,,,,,0.651,2.19,,,0.0,0.0,0.002,0.004,0.0,0.0,0.002,0.003,0.0,0.0,0.0,0.007,0.005,,0.0,0.0,0.03,0.006,,,,,,,,,,
17193,French Polynesia,2021,PYF,304038.0,,0.0,0.0,0.95,0.026,2.767,,,,,,,3.124,,0.205,0.0,0.0,,,,0.0,30.713,,0.0,0.0,0.0,,30.713,,15242.301,,0.0,0.0,0.0,0.0,,,,,,,,,0.95,3.124,,,4.634,0.0,0.003,,0.0,0.0,0.002,,0.0,0.0,0.0,,0.005,,0.0,0.0,,0.008,,0.001,,0.0,0.0,,,,,
17373,French West Africa (Jones et al. 2023),2021,,,,,,,,,,,,,,,,,,,,,,,,,,,,,,,,,,,,,,,,,,,,,,,,,,,,,,,,,,,,,,,,,,,,,0.0,,0.0,0.0,,,,,
17545,Gabon,2021,GAB,2341185.0,,0.209,0.089,5.712,0.02,0.345,16.082,0.056,0.351,6.869,,0.858,2.44,,0.305,0.0,0.0,,,,4.047,274.276,1005.244,0.0,142.861,20.675,2226.063,106.692,,8009.644,,2.516,1.075,1.117,0.477,,,10.369,4.429,,,,,1.87,0.799,,,18.752,0.013,0.015,0.039,0.0,0.009,0.016,0.041,0.0,0.774,0.008,0.3,0.018,,0.604,0.014,0.263,0.016,,0.086,0.001,0.001,0.001,0.0,,,,
17717,Gambia,2021,GMB,2639922.0,,0.0,0.0,0.656,0.042,6.817,0.692,0.042,6.433,0.262,,0.282,0.248,,0.267,0.0,0.0,,,,0.0,14.951,65.404,0.0,0.0,0.0,117.798,14.951,,931.273,,0.0,0.0,0.0,0.0,,,0.037,0.014,,,,,0.656,0.248,,,2.458,0.0,0.002,0.002,0.0,0.0,0.001,0.003,0.0,0.0,0.0,0.016,0.002,,0.0,0.0,0.001,0.006,,0.007,0.0,0.0,0.0,0.0,,,,
17893,Georgia,2021,GEO,3757984.0,,1.057,0.281,11.01,0.319,2.986,1.813,0.539,42.308,0.482,,0.023,2.93,,0.141,0.527,0.14,,,,19.999,671.612,241.055,82.692,2.792,252.262,-378.858,313.867,,20834.768,,0.002,0.001,6.039,1.607,,,-9.197,-2.447,,,,,3.385,0.901,,,78.297,0.063,0.03,0.004,0.004,0.044,0.039,0.01,0.01,0.015,0.099,-0.051,0.052,,0.001,0.076,-0.233,0.029,,0.033,0.0,0.0,0.001,0.0,,,,
18123,Germany,2021,DEU,83408560.0,,13.234,0.159,674.754,35.372,5.532,668.781,36.472,5.768,8.018,,0.188,8.09,,0.19,230.221,2.76,,,,1206.607,93290.508,91895.617,64665.84,93.574,7177.258,-1155.369,19852.715,294.509,42555.059,,1.807,0.022,173.484,2.08,,,-5.972,-0.072,,,,,248.201,2.976,0.094,7.806,3549.456,0.791,1.818,1.629,1.537,2.677,5.371,3.713,8.041,0.507,2.825,-0.156,3.279,3.041,0.434,2.19,-0.152,2.097,2.636,2.899,0.004,0.041,0.047,0.002,,,,
18295,Ghana,2021,GHA,32833036.0,,2.321,0.071,21.313,1.658,8.438,21.313,1.402,7.041,0.649,,0.186,0.649,,0.186,0.0,0.0,,,,37.496,398.073,2936.383,4.164,3.796,27.938,3966.61,324.679,,3483.363,,1.127,0.034,4.751,0.145,,,0.0,0.0,,,,,13.114,0.399,,,114.369,0.139,0.057,0.052,0.0,0.083,0.023,0.119,0.001,0.021,0.011,0.534,0.054,,0.27,0.06,0.0,0.111,,0.114,0.001,0.001,0.002,0.0,,,,
18467,Greece,2021,GRC,10445368.0,,2.978,0.285,56.309,0.699,1.257,26.448,-0.803,-2.948,2.532,,0.087,5.391,,0.186,9.775,0.936,,,,282.595,4132.681,5520.311,1636.601,0.417,168.738,1767.697,2019.096,25.232,28961.367,,0.005,0.0,12.152,1.163,,,-29.862,-2.859,,,,,31.014,2.969,0.037,0.385,302.512,0.178,0.152,0.064,0.065,0.627,0.238,0.223,0.204,0.002,0.066,0.238,0.333,0.261,0.001,0.153,-0.758,0.262,0.13,0.189,0.001,0.002,0.003,0.0,,,,
18639,Greenland,2021,GRL,56266.0,,0.0,0.0,0.511,0.01,2.034,0.511,0.01,2.034,9.076,,0.143,9.076,,0.143,0.0,0.0,,,,0.0,33.547,33.547,2.175,0.0,0.0,0.0,31.372,,63520.266,,0.0,0.0,0.0,0.0,,,0.0,0.0,,,,,0.511,9.076,,,3.574,0.0,0.001,0.001,0.0,0.0,0.002,0.001,0.0,0.0,0.0,0.0,0.005,,0.0,0.0,0.0,0.004,,0.001,,0.0,0.0,,,,,
18811,Grenada,2021,GRD,124624.0,,0.0,0.0,0.319,0.033,11.627,0.246,0.033,15.634,1.973,,0.209,2.561,,0.272,0.0,0.0,,,,0.0,8.571,5.31,0.0,0.0,0.0,-1.063,8.571,,9432.062,,0.0,0.0,0.0,0.0,,,-0.073,-0.588,,,,,0.319,2.561,,,1.175,0.0,0.001,0.001,0.0,0.0,0.0,0.0,0.0,0.0,0.0,-0.0,0.001,,0.0,0.0,-0.002,0.003,,0.0,0.0,0.0,0.0,0.0,,,,
19083,Guadeloupe,2021,GLP,396057.0,,0.0,0.0,2.291,0.0,0.0,2.254,-0.147,-6.104,5.692,,,5.785,,,0.419,1.059,,,,0.0,86.181,102.596,10.59,0.0,0.0,16.415,75.59,,0.0,,0.0,0.0,0.0,0.0,,,-0.037,-0.093,,,,,1.872,4.726,,,0.0,0.0,0.006,0.005,0.003,0.0,0.005,0.004,0.001,0.0,0.0,0.002,0.012,,0.0,0.0,-0.001,0.016,,,,,,,,,,
19255,Guatemala,2021,GTM,17608484.0,,1.38,0.078,20.327,2.732,15.524,38.867,3.391,9.559,2.207,,0.386,1.154,,0.202,5.539,0.315,,,,36.188,462.048,3351.295,51.63,0.828,0.44,3615.122,372.963,,5712.118,,0.094,0.005,0.0,0.0,,,18.54,1.053,,,,,13.315,0.756,,,100.582,0.083,0.055,0.095,0.037,0.08,0.027,0.135,0.006,0.004,0.0,0.487,0.062,,0.023,0.0,0.471,0.112,,0.153,0.001,0.002,0.002,0.0,,,,
19427,Guernsey,2021,GGY,63092.0,,,,,,,,,,,,,,,,,,,,,,,,,,,0.037,,,,,,,,,,,0.0,,,,,,,,,,,,,,,,,,,,,0.0,,,,,0.0,,,,,,,,,,,
19699,Guinea,2021,GIN,13531909.0,,0.0,0.0,4.842,0.309,6.817,25.58,1.188,4.872,1.89,,1.475,0.358,,0.279,0.0,0.0,,,,0.0,92.929,4872.288,0.0,0.0,0.0,4779.358,92.929,,1281.525,,0.0,0.0,0.0,0.0,,,20.738,1.533,,,,,4.842,0.358,,,17.341,0.0,0.013,0.062,0.0,0.0,0.005,0.197,0.0,0.0,0.0,0.644,0.015,,0.0,0.0,0.526,0.041,,0.129,0.001,0.001,0.002,0.0,,,,
19871,Guinea-Bissau,2021,GNB,2060730.0,,0.0,0.0,0.352,0.022,6.818,0.572,0.059,11.529,0.277,,0.41,0.171,,0.252,0.0,0.0,,,,0.0,10.497,204.03,0.0,0.0,0.0,336.099,10.497,,677.328,,0.0,0.0,0.0,0.0,,,0.22,0.107,,,,,0.352,0.171,,,1.396,0.0,0.001,0.001,0.0,0.0,0.001,0.008,0.0,0.0,0.0,0.045,0.002,,0.0,0.0,0.006,0.003,,0.012,0.0,0.0,0.0,0.0,,,,
20043,Guyana,2021,GUY,804571.0,,0.162,0.201,3.088,-0.103,-3.232,8.291,-0.03,-0.359,10.305,,0.753,3.838,,0.28,0.0,0.0,,,,1.002,104.9,745.441,0.033,0.775,0.0,1003.68,103.09,,13690.034,,0.247,0.307,0.0,0.0,,,5.203,6.467,,,,,2.679,3.33,,,11.015,0.01,0.008,0.02,0.0,0.002,0.006,0.03,0.0,0.004,0.0,0.135,0.017,,0.059,0.0,0.132,0.023,,0.038,0.0,0.001,0.001,0.0,,,,
20215,Haiti,2021,HTI,11447575.0,,0.078,0.007,2.876,0.258,9.863,8.518,1.138,15.412,0.744,,0.722,0.251,,0.244,0.0,0.0,,,,4.368,78.55,459.166,0.945,0.0,0.0,918.382,73.236,,1030.881,,0.0,0.0,0.0,0.0,,,5.643,0.493,,,,,2.798,0.244,,,11.801,0.005,0.008,0.021,0.0,0.01,0.005,0.019,0.0,0.0,0.0,0.124,0.012,,0.0,0.0,0.143,0.024,,0.047,0.0,0.0,0.001,0.0,,,,
20487,High-income countries,2021,,1219584303.0,,223.616,0.18,12608.317,584.071,4.857,12714.17,582.052,4.798,10.233,,0.183,10.148,,0.182,2827.354,2.276,,,,14560.348,988639.188,1188775.625,452510.906,6795.285,154441.547,209623.516,356693.656,3637.445,56267.426,,140.155,0.113,4049.464,3.259,,,109.297,0.088,,,,,5280.842,4.25,0.07,86.885,68622.867,13.369,33.963,30.963,18.875,32.308,56.919,48.034,56.269,36.822,60.79,28.232,58.911,37.561,33.649,51.118,2.775,44.612,29.339,39.396,0.099,0.504,0.635,0.031,,,,
20659,Honduras,2021,HND,10278346.0,,0.782,0.076,10.898,1.054,10.703,31.526,1.2,3.958,3.067,,0.603,1.06,,0.208,0.0,0.0,,,,21.203,272.034,2052.921,5.412,0.0,0.0,3176.651,245.418,,5086.934,,0.0,0.0,0.0,0.0,,,20.628,2.007,,,,,10.115,0.984,,,52.285,0.047,0.029,0.077,0.0,0.047,0.016,0.083,0.001,0.0,0.0,0.428,0.041,,0.0,0.0,0.524,0.085,,0.097,0.0,0.001,0.002,0.0,,,,
20831,Hong Kong,2021,HKG,7494580.0,,0.611,0.081,31.664,0.16,0.507,31.811,0.16,0.504,4.245,,0.131,4.225,,0.13,13.834,1.846,,,,32.925,1652.055,1664.878,792.181,0.0,137.696,14.18,689.253,,32466.973,,0.0,0.0,9.736,1.299,,,0.147,0.02,,,,,7.484,0.999,,,243.326,0.037,0.085,0.077,0.092,0.073,0.095,0.067,0.099,0.0,0.054,0.002,0.114,,0.0,0.123,0.004,0.063,,0.062,0.0,0.001,0.001,0.0,,,,
21021,Hungary,2021,HUN,9709784.0,,0.929,0.096,48.455,1.17,2.475,40.357,1.28,3.276,4.156,,0.142,4.99,,0.171,6.391,0.658,,,,89.91,5058.661,5695.75,2618.161,12.878,1037.791,655.013,1276.431,23.491,29247.697,,0.162,0.017,22.112,2.277,,,-8.097,-0.834,,,,,18.375,1.892,0.05,0.485,283.989,0.056,0.131,0.098,0.043,0.2,0.291,0.23,0.326,0.07,0.408,0.088,0.211,0.243,0.039,0.279,-0.206,0.155,0.164,0.184,0.0,0.002,0.003,0.0,,,,
21293,Iceland,2021,ISL,370338.0,,,,3.375,0.046,1.384,3.412,0.009,0.278,9.212,,0.059,9.113,,0.058,0.668,1.803,,,,,155.319,321.628,19.889,4.258,0.005,166.309,128.322,0.094,156923.656,,0.175,0.472,0.0,0.001,,,0.037,0.099,,,,,2.526,6.821,0.017,0.006,58.115,,0.009,0.008,0.004,,0.009,0.013,0.002,0.023,0.0,0.022,0.021,0.001,0.042,0.0,0.001,0.021,0.002,0.01,0.0,0.0,0.0,0.0,,,,
21465,India,2021,IND,1407563904.0,,149.001,0.106,2709.684,264.672,10.825,2794.982,241.222,9.446,1.986,,0.292,1.925,,0.283,1802.312,1.28,,,,2624.326,57105.387,99074.828,37018.082,181.82,2482.897,44758.105,14798.263,,6809.62,,2.772,0.002,133.451,0.095,,,85.298,0.061,,,,,622.148,0.442,,,9584.976,8.908,7.299,6.807,12.032,5.823,3.288,4.003,4.603,0.985,0.977,6.028,2.444,,0.665,1.685,2.165,5.256,,4.769,0.034,0.036,0.077,0.006,,,,
21637,Indonesia,2021,IDN,273753184.0,,28.637,0.105,619.278,9.491,1.557,1649.521,10.297,0.628,6.026,,0.765,2.262,,0.287,303.154,1.107,,,,686.729,14933.863,87410.383,4039.848,423.946,2515.501,80720.711,7267.839,,7871.843,,3.149,0.012,74.088,0.271,,,1030.244,3.763,,,,,210.249,0.768,,,2154.942,1.712,1.668,4.017,2.024,1.524,0.86,3.532,0.502,2.297,0.99,10.872,1.2,,0.756,0.935,26.155,1.776,,3.44,0.014,0.04,0.055,0.002,,,,
21808,International transport,2021,,,,,,1021.749,83.241,8.869,,,,,,,,,,,,1021.749,,,,43062.672,,,,,,43062.672,,,,,,,,,,,,,,,,1021.749,,,,,,2.752,,,,2.479,,,,,,7.112,,,,,8.632,,1.204,,0.019,0.019,,,,0.0,0.0
21980,Iran,2021,IRN,87923432.0,,22.525,0.256,748.879,18.901,2.589,725.796,19.194,2.716,8.255,,0.216,8.517,,0.223,3.73,0.042,,,,538.939,19546.58,20910.797,214.597,1751.381,7512.389,2155.385,9529.275,,38225.703,,32.668,0.372,466.994,5.311,,,-23.083,-0.263,,,,,222.962,2.536,,,3360.935,1.347,2.017,1.768,0.025,1.196,1.125,0.845,0.027,9.49,2.957,0.29,1.574,,7.843,5.895,-0.586,1.884,,1.152,0.009,0.009,0.019,0.001,,,,
22152,Iraq,2021,IRQ,43533592.0,,5.239,0.12,185.581,12.074,6.959,201.629,13.026,6.907,4.632,,0.349,4.263,,0.321,0.0,0.0,,,,136.296,4777.053,5355.268,0.191,746.869,434.336,740.678,3459.361,,13267.278,,33.465,0.769,30.044,0.69,,,16.048,0.369,,,,,116.833,2.684,,,577.572,0.313,0.5,0.491,0.0,0.302,0.275,0.216,0.0,4.047,0.171,0.1,0.571,,8.034,0.379,0.407,0.987,,0.464,0.005,0.002,0.007,0.0,,,,
22324,Ireland,2021,IRL,4986525.0,,1.77,0.355,37.54,2.387,6.791,42.084,7.224,20.722,8.439,,0.234,7.528,,0.209,6.293,1.262,,,,73.484,2263.349,2088.063,883.995,0.103,304.787,-325.327,983.217,17.763,35991.977,,0.0,0.0,10.502,2.106,,,4.543,0.911,,,,,18.439,3.698,0.108,0.537,179.475,0.106,0.101,0.102,0.042,0.163,0.13,0.084,0.11,0.001,0.12,-0.044,0.162,0.183,0.0,0.133,0.115,0.156,0.181,0.044,-0.0,0.001,0.001,0.0,,,,
22496,Isle of Man,2021,IMN,84286.0,,,,,,,,,,,,,,,,,,,,,,,,,,,6.815,,,,,,,,,,,0.037,,,,,,,,,,,,,,,,,,,,,0.001,,,,,0.001,,,,,,,,,,,
22668,Israel,2021,ISR,8900057.0,,1.425,0.16,54.529,-0.48,-0.872,56.617,-0.48,-0.84,6.361,,0.195,6.127,,0.188,14.043,1.578,,,,85.417,2428.609,2481.994,798.915,0.008,201.977,56.499,1342.292,,32588.326,,0.001,0.0,19.449,2.185,,,2.088,0.235,,,,,19.611,2.203,,,290.038,0.085,0.147,0.138,0.094,0.19,0.14,0.1,0.099,0.0,0.08,0.008,0.222,,0.0,0.246,0.053,0.166,,0.104,0.001,0.001,0.002,0.0,,,,
22840,Italy,2021,ITA,59240336.0,,7.059,0.119,328.687,26.409,8.737,290.692,28.461,10.853,4.907,,0.165,5.548,,0.187,24.0,0.405,,,,949.116,25065.178,24571.414,4734.375,95.916,5507.859,-225.592,13635.771,142.139,29723.066,,2.113,0.036,150.956,2.548,,,-37.996,-0.641,,,,,141.807,2.394,0.046,2.753,1760.804,0.422,0.885,0.708,0.16,2.106,1.443,0.993,0.589,0.52,2.168,-0.03,2.252,1.468,0.507,1.906,-0.965,1.198,0.929,0.887,0.002,0.011,0.014,0.001,,,,
23012,Jamaica,2021,JAM,2827701.0,,0.402,0.142,7.69,0.746,10.747,8.093,0.746,10.158,2.862,,0.234,2.719,,0.222,0.371,0.131,,,,14.88,459.889,633.526,6.52,0.0,1.891,354.455,436.597,,12235.784,,0.0,0.0,0.572,0.202,,,0.403,0.143,,,,,6.345,2.244,,,34.599,0.024,0.021,0.02,0.002,0.033,0.026,0.026,0.001,0.0,0.001,0.048,0.072,,0.0,0.007,0.01,0.054,,0.024,0.0,0.0,0.0,0.0,,,,
23184,Japan,2021,JPN,124612528.0,,23.789,0.191,1067.398,25.174,2.415,1070.0,26.237,2.514,8.587,,0.215,8.566,,0.214,418.82,3.361,,,,2005.37,66711.078,71644.438,24175.926,15.542,7061.825,5201.744,33153.129,299.291,39995.086,,0.345,0.003,221.525,1.778,,,2.601,0.021,,,,,395.359,3.173,0.061,7.56,4983.889,1.422,2.875,2.606,2.796,4.45,3.841,2.895,3.006,0.084,2.78,0.701,5.476,3.091,0.083,2.796,0.066,3.34,2.553,2.111,0.002,0.031,0.034,0.001,,,,
23356,Jersey,2021,JEY,109634.0,,,,,,,,,,,,,,,,,,,,,,,,,,,0.989,,,,,,,,,,,0.037,,,,,,,,,,,,,,,,,,,,,0.0,,,,,0.001,,,,,,,,,,,
23528,Jordan,2021,JOR,11148288.0,,1.764,0.158,25.594,0.652,2.612,25.484,0.615,2.473,2.286,,0.249,2.296,,0.25,0.543,0.049,,,,55.421,726.421,770.572,6.996,0.013,96.864,60.676,567.127,,9183.148,,0.001,0.0,8.207,0.736,,,-0.11,-0.01,,,,,15.079,1.353,,,102.376,0.105,0.069,0.062,0.004,0.123,0.042,0.031,0.001,0.0,0.038,0.008,0.094,,0.0,0.104,-0.003,0.127,,0.036,0.0,0.0,0.001,0.0,,,,
23704,Kazakhstan,2021,KAZ,19196468.0,,4.448,0.232,276.683,-1.721,-0.618,267.377,-0.988,-0.368,13.928,,0.328,14.413,,0.34,180.818,9.419,,,,125.683,14219.759,18383.193,9421.18,544.544,1203.375,4297.139,2841.007,83.971,42442.488,,16.844,0.877,27.98,1.458,,,-9.307,-0.485,,,,,42.768,2.228,0.199,3.825,814.746,0.266,0.745,0.651,1.207,0.279,0.819,0.743,1.172,2.951,0.474,0.579,0.469,0.867,4.044,0.353,-0.236,0.361,1.292,0.903,0.003,0.011,0.015,0.001,,,,
23876,Kenya,2021,KEN,53005616.0,,3.583,0.068,19.875,1.6,8.752,28.376,-0.086,-0.302,0.535,,0.274,0.375,,0.192,1.703,0.032,,,,54.575,491.164,2989.682,27.498,0.0,0.0,3367.692,409.092,,1952.694,,0.0,0.0,0.0,0.0,,,8.5,0.16,,,,,14.589,0.275,,,103.504,0.214,0.054,0.069,0.011,0.121,0.028,0.121,0.003,0.0,0.0,0.454,0.068,,0.0,0.0,0.216,0.123,,0.219,0.002,0.001,0.004,0.0,,,,
24047,Kiribati,2021,KIR,128883.0,,0.0,0.0,0.072,0.002,2.767,,,,,,,0.555,,0.227,0.0,0.0,,,,0.0,2.167,,0.0,0.0,0.0,,2.167,,2446.698,,0.0,0.0,0.0,0.0,,,,,,,,,0.072,0.555,,,0.315,0.0,0.0,,0.0,0.0,0.0,,0.0,0.0,0.0,,0.0,,0.0,0.0,,0.001,,0.0,0.0,0.0,0.0,0.0,,,,
24218,Kosovo,2021,,1662022.0,,0.319,0.192,5.644,-2.877,-33.765,,,,,,,3.396,,0.202,3.217,1.935,,,,3.48,111.306,,81.7,0.0,0.0,,26.126,,16776.646,,0.0,0.0,0.0,0.0,,,,,,,,,2.109,1.269,,,27.883,0.019,0.015,,0.021,0.008,0.006,,0.01,0.0,0.0,,0.004,,0.0,0.0,,0.018,,0.003,,0.0,0.0,,,,,
24390,Kuwait,2021,KWT,4250111.0,,1.222,0.288,106.134,6.356,6.37,106.134,6.356,6.37,24.972,,0.255,24.972,,0.255,0.0,0.0,,,,31.255,3488.381,3488.125,0.0,315.587,1063.164,-0.256,2078.376,,98065.5,,1.358,0.32,49.817,11.721,,,0.0,0.0,,,,,53.736,12.644,,,416.789,0.073,0.286,0.258,0.0,0.069,0.201,0.141,0.0,1.71,0.418,-0.0,0.343,,0.326,0.629,0.0,0.454,,0.198,0.002,0.002,0.003,0.0,,,,
24562,Kuwaiti Oil Fires (Jones et al. 2023),2021,,,,,,,,,,,,,,,,,,,,,,,,,,,,,,,,,,,,,,,,,,,,,,,,,,,,,,,,,,,,,,,,,,,,,0.013,,0.0,0.0,,,,,
24738,Kyrgyzstan,2021,KGZ,6527742.0,,0.783,0.12,9.308,0.819,9.653,9.345,0.819,9.611,1.432,,0.154,1.426,,0.154,3.6,0.551,,,,33.049,848.595,1214.225,409.427,5.557,87.401,375.23,313.162,,9274.61,,0.0,0.0,0.692,0.106,,,0.037,0.006,,,,,4.234,0.649,,,60.542,0.047,0.025,0.023,0.024,0.073,0.049,0.049,0.051,0.03,0.034,0.051,0.052,,0.0,0.009,0.001,0.036,,0.059,0.0,0.001,0.001,0.0,,,,
24910,Laos,2021,LAO,7425055.0,,2.049,0.276,20.778,0.29,1.414,69.509,1.865,2.757,9.361,,0.497,2.798,,0.148,15.104,2.034,,,,16.6,174.804,2621.037,98.163,0.0,0.0,3325.483,60.041,,18847.086,,0.0,0.0,0.0,0.0,,,48.731,6.563,,,,,3.624,0.488,,,139.941,0.123,0.056,0.169,0.101,0.037,0.01,0.106,0.012,0.0,0.0,0.448,0.01,,0.0,0.0,1.237,0.031,,0.09,0.0,0.001,0.001,0.0,,,,
25086,Latvia,2021,LVA,1873926.0,,0.551,0.294,7.266,0.272,3.89,9.904,0.639,6.891,5.285,,0.234,3.878,,0.171,0.137,0.073,,,,16.571,960.503,1714.884,152.458,1.558,157.523,815.24,630.248,2.144,22625.613,,0.0,0.0,2.271,1.212,,,2.638,1.408,,,,,4.236,2.26,0.038,0.072,42.399,0.033,0.02,0.024,0.001,0.037,0.055,0.069,0.019,0.008,0.062,0.11,0.104,0.022,0.0,0.029,0.067,0.036,0.024,0.053,0.0,0.001,0.001,0.0,,,,
25257,Least developed countries (Jones et al. 2023),2021,,,,,,,,,,,,,,,,,,,,,,,,,,,,,,,,,,,,,,,,,,,,,,,,,,,,,,,,,,,,,,,,,,,,,6.231,0.04,0.052,0.1,0.009,,,,
25429,Lebanon,2021,LBN,5592626.0,,2.134,0.382,24.959,0.484,1.977,24.996,0.52,2.126,4.469,,0.237,4.463,,0.237,0.434,0.078,,,,73.158,756.119,778.25,15.652,0.0,0.579,31.877,666.731,,18831.662,,0.0,0.0,0.0,0.0,,,0.037,0.007,,,,,22.392,4.004,,,105.318,0.128,0.067,0.061,0.003,0.162,0.044,0.031,0.002,0.0,0.0,0.004,0.11,,0.0,0.0,0.001,0.189,,0.032,0.0,0.0,0.001,0.0,,,,
25607,Leeward Islands (Jones et al. 2023),2021,,,,,,,,,,,,,,,,,,,,,,,,,,,,,,,,,,,,,,,,,,,,,,,,,,,,,,,,,,,,,,,,,,,,,0.0,,0.0,0.0,,,,,
25779,Lesotho,2021,LSO,2281464.0,,0.0,0.0,2.282,0.094,4.302,6.642,-0.382,-5.441,2.911,,1.365,1.0,,0.469,1.582,0.694,,,,0.0,66.183,139.756,50.965,0.0,0.0,176.019,15.218,,2132.814,,0.0,0.0,0.0,0.0,,,4.36,1.911,,,,,0.7,0.307,,,4.866,0.0,0.006,0.016,0.011,0.0,0.004,0.006,0.006,0.0,0.0,0.024,0.003,,0.0,0.0,0.111,0.006,,0.012,0.0,0.0,0.0,0.0,,,,
25951,Liberia,2021,LBR,5193422.0,,0.132,0.025,1.195,0.068,6.021,18.086,0.288,1.617,3.483,,3.271,0.23,,0.216,0.0,0.0,,,,2.518,53.785,1025.148,0.0,0.0,0.0,1982.114,51.266,,1064.616,,0.0,0.0,0.0,0.0,,,16.891,3.252,,,,,1.064,0.205,,,5.529,0.008,0.003,0.044,0.0,0.006,0.003,0.041,0.0,0.0,0.0,0.267,0.008,,0.0,0.0,0.429,0.009,,0.042,0.0,0.001,0.001,0.0,,,,
26123,Libya,2021,LBY,6735280.0,,1.627,0.242,74.525,15.96,27.252,74.122,15.96,27.44,11.005,,0.389,11.065,,0.391,0.0,0.0,,,,71.223,2222.007,2282.536,1.127,400.584,446.143,116.222,1302.929,,28270.334,,11.277,1.674,17.291,2.567,,,-0.403,-0.06,,,,,44.33,6.582,,,190.409,0.097,0.201,0.181,0.0,0.158,0.128,0.092,0.0,2.171,0.176,0.016,0.215,,2.707,0.218,-0.01,0.374,,0.156,0.001,0.001,0.003,0.0,,,,
26294,Liechtenstein,2021,LIE,39058.0,,0.0,0.0,0.151,0.009,6.306,,,,,,,3.865,,,0.0,0.0,,,,0.0,6.266,,0.001,0.0,1.698,,4.567,0.0,,,0.0,0.0,0.056,1.423,,,,,,,,,0.095,2.442,0.0,0.0,,0.0,0.0,,0.0,0.0,0.0,,0.0,0.0,0.001,,0.001,0.0,0.0,0.001,,0.001,0.0,0.0,0.0,0.0,0.0,0.0,,,,
26470,Lithuania,2021,LTU,2786652.0,,0.557,0.2,13.881,0.228,1.668,12.672,0.374,3.043,4.547,,0.181,4.981,,0.198,0.732,0.263,,,,47.604,1575.84,3006.118,185.584,12.455,293.343,1508.176,1033.403,3.451,25173.395,,0.182,0.065,4.004,1.437,,,-1.209,-0.434,,,,,8.377,3.006,0.011,0.03,70.149,0.033,0.037,0.031,0.005,0.106,0.091,0.121,0.023,0.067,0.115,0.203,0.171,0.036,0.044,0.051,-0.031,0.071,0.01,0.098,0.0,0.001,0.002,0.0,,,,
26742,Low-income countries,2021,,698782037.0,,15.361,0.021,206.459,7.585,3.814,1135.32,22.607,2.032,1.581,,1.326,0.287,,0.241,60.79,0.085,,,,416.491,10246.075,78608.508,5080.262,122.911,349.558,89691.5,4276.853,,1225.73,,4.61,0.006,9.529,0.013,,,928.861,1.293,,,,,116.169,0.162,,,856.518,0.918,0.556,2.765,0.406,0.924,0.59,3.176,0.632,0.666,0.138,12.08,0.706,,1.107,0.12,23.581,0.981,,3.78,0.024,0.031,0.061,0.006,,,,
27014,Lower-middle-income countries,2021,,3411037255.0,,378.493,0.111,6275.251,369.54,6.257,8138.495,335.824,4.304,2.396,,0.334,1.847,,0.257,2703.616,0.796,,,,7431.091,172203.484,406796.219,66093.242,5013.498,32193.842,290130.188,61357.32,114.503,6462.941,,84.927,0.025,1291.175,0.38,,,1863.474,0.549,,,,,1814.267,0.534,0.001,2.773,22045.332,22.629,16.904,19.82,18.049,16.489,9.914,16.437,8.219,27.167,12.672,39.075,10.134,1.182,20.389,16.299,47.308,15.327,0.936,20.333,0.126,0.182,0.327,0.02,,,,
27186,Luxembourg,2021,LUX,639330.0,,0.399,0.624,8.355,0.258,3.187,8.428,0.258,3.158,13.182,,0.195,13.068,,0.193,0.209,0.327,,,,20.263,761.954,750.193,358.212,0.002,75.217,-1.466,306.116,2.144,67687.906,,0.0,0.0,1.571,2.458,,,0.073,0.115,,,,,6.126,9.581,0.077,0.049,43.275,0.024,0.023,0.021,0.001,0.045,0.044,0.03,0.045,0.0,0.03,-0.0,0.051,0.022,0.0,0.02,0.002,0.052,0.017,0.024,0.0,0.0,0.0,0.0,,,,
27357,Macao,2021,MAC,686616.0,,,,1.287,0.015,1.178,,,,,,,1.874,,0.088,0.0,0.0,,,,,57.86,,0.271,0.0,2.198,,54.379,,21399.566,,0.0,0.0,0.25,0.363,,,,,,,,,1.037,1.511,,,14.693,,0.003,,0.0,,0.003,,0.0,0.0,0.001,,0.009,,0.0,0.003,,0.009,,0.002,0.0,0.0,0.0,0.0,,,,
27529,Madagascar,2021,MDG,28915652.0,,0.089,0.003,4.244,0.244,6.093,34.582,0.39,1.142,1.196,,2.356,0.147,,0.289,1.468,0.051,,,,2.402,101.226,5827.215,14.869,0.0,0.0,8791.658,83.955,,507.644,,0.0,0.0,0.0,0.0,,,30.338,1.049,,,,,2.687,0.093,,,14.679,0.005,0.011,0.084,0.01,0.005,0.006,0.235,0.002,0.0,0.0,1.184,0.014,,0.0,0.0,0.77,0.023,,0.261,0.001,0.003,0.004,0.0,,,,
27701,Malawi,2021,MWI,19889742.0,,0.094,0.005,1.552,0.081,5.476,5.912,-0.103,-1.706,0.297,,0.639,0.078,,0.168,0.227,0.011,,,,3.363,52.108,1138.044,12.488,0.0,0.0,1627.659,36.258,,464.983,,0.0,0.0,0.0,0.0,,,4.36,0.219,,,,,1.231,0.062,,,9.248,0.006,0.004,0.014,0.002,0.007,0.003,0.046,0.002,0.0,0.0,0.219,0.006,,0.0,0.0,0.111,0.01,,0.062,0.0,0.001,0.001,0.0,,,,
27873,Malaysia,2021,MYS,33573872.0,,13.385,0.399,256.049,-3.432,-1.323,404.844,-6.474,-1.574,12.058,,0.318,7.626,,0.201,85.795,2.555,,,,277.949,6301.49,17993.387,1214.146,276.671,1824.197,12581.627,2708.527,,37897.133,,3.764,0.112,82.003,2.442,,,148.795,4.432,,,,,71.103,2.118,,,1272.354,0.8,0.69,0.986,0.573,0.617,0.363,0.727,0.151,1.499,0.718,1.695,0.447,,0.904,1.035,3.777,0.601,,0.615,0.002,0.007,0.01,0.0,,,,
28044,Maldives,2021,MDV,521469.0,,0.0,0.0,2.118,0.057,2.767,,,,,,,4.062,,0.23,0.0,0.0,,,,0.0,27.453,,0.0,0.0,0.0,,27.453,,17669.365,,0.0,0.0,0.0,0.0,,,,,,,,,2.118,4.062,,,9.214,0.0,0.006,,0.0,0.0,0.002,,0.0,0.0,0.0,,0.005,,0.0,0.0,,0.018,,0.001,0.0,0.0,0.0,0.0,,,,
28216,Mali,2021,MLI,21904990.0,,0.387,0.018,4.17,0.241,6.145,-1.949,-0.748,62.26,-0.089,,-0.076,0.19,,0.163,0.0,0.0,,,,2.918,68.231,1313.258,0.0,0.0,0.0,1644.733,65.313,,1168.567,,0.0,0.0,0.0,0.0,,,-6.119,-0.279,,,,,3.782,0.173,,,25.597,0.023,0.011,-0.005,0.0,0.006,0.004,0.053,0.0,0.0,0.0,0.222,0.011,,0.0,0.0,-0.155,0.032,,0.09,0.001,0.0,0.001,0.0,,,,
28388,Malta,2021,MLT,526751.0,,0.0,0.0,1.724,0.125,7.788,1.688,0.125,7.971,3.204,,0.043,3.273,,0.044,0.0,0.0,,,,0.0,105.586,100.566,6.408,0.0,3.522,-5.24,95.631,0.024,74324.461,,0.0,0.0,0.843,1.601,,,-0.037,-0.07,,,,,0.881,1.672,0.0,0.0,39.15,0.0,0.005,0.004,0.0,0.0,0.006,0.004,0.001,0.0,0.001,-0.001,0.016,0.0,0.0,0.011,-0.001,0.007,0.0,0.003,0.0,0.0,0.0,0.0,,,,
28559,Marshall Islands,2021,MHL,42074.0,,0.0,0.0,0.159,0.004,2.767,,,,,,,3.778,,,0.0,0.0,,,,0.0,3.575,,0.0,0.0,0.0,,3.575,,,,0.0,0.0,0.0,0.0,,,,,,,,,0.159,3.778,,,,0.0,0.0,,0.0,0.0,0.0,,0.0,0.0,0.0,,0.001,,0.0,0.0,,0.001,,0.0,0.0,0.0,0.0,0.0,,,,
28831,Martinique,2021,MTQ,368799.0,,0.0,0.0,2.1,0.0,0.0,1.77,0.0,0.0,4.8,,0.197,5.695,,0.234,0.0,0.0,,,,0.0,90.481,106.237,0.0,0.0,0.0,15.755,90.481,,24369.199,,0.0,0.0,0.0,0.0,,,-0.33,-0.894,,,,,2.1,5.695,,,8.987,0.0,0.006,0.004,0.0,0.0,0.005,0.004,0.0,0.0,0.0,0.002,0.015,,0.0,0.0,-0.008,0.018,,,,,,,,,,
29103,Mauritania,2021,MRT,4614981.0,,0.0,0.0,4.118,0.263,6.817,4.228,0.299,7.623,0.916,,0.23,0.892,,0.224,0.0,0.0,,,,0.0,80.76,134.181,0.436,0.521,0.0,53.421,79.802,,3988.532,,0.0,0.0,0.0,0.0,,,0.11,0.024,,,,,4.118,0.892,,,18.407,0.0,0.011,0.01,0.0,0.0,0.005,0.005,0.0,0.003,0.0,0.007,0.013,,0.0,0.0,0.003,0.035,,0.023,0.0,-0.0,0.0,0.0,,,,
29275,Mauritius,2021,MUS,1298922.0,,0.0,0.0,4.472,0.263,6.257,4.728,0.3,6.774,3.64,,0.185,3.443,,0.175,1.637,1.261,,,,0.0,120.601,123.642,32.525,0.0,0.0,0.293,88.076,,19724.719,,0.0,0.0,0.0,0.0,,,0.256,0.197,,,,,2.834,2.182,,,25.621,0.0,0.012,0.012,0.011,0.0,0.007,0.005,0.004,0.0,0.0,0.0,0.015,,0.0,0.0,0.007,0.024,,0.006,0.0,0.0,0.0,0.0,,,,
29547,Mayotte,2021,MYT,316022.0,,0.0,0.0,0.273,0.0,0.0,0.273,0.0,0.0,0.865,,,0.865,,,0.0,0.0,,,,0.0,6.78,6.999,0.0,0.0,0.0,0.22,6.78,,,,0.0,0.0,0.0,0.0,,,0.0,0.0,,,,,0.273,0.865,,,,0.0,0.001,0.001,0.0,0.0,0.0,0.0,0.0,0.0,0.0,0.0,0.001,,0.0,0.0,0.0,0.002,,,,,,,,,,
29719,Mexico,2021,MEX,126705136.0,,22.339,0.176,407.205,15.499,3.957,667.459,24.512,3.812,5.268,,0.301,3.214,,0.183,19.361,0.153,,,,699.265,20587.508,35423.52,1521.83,550.35,4356.04,16391.197,13460.022,,17515.205,,12.237,0.097,157.553,1.243,,,260.254,2.054,,,,,195.716,1.545,,,2219.266,1.336,1.097,1.625,0.129,1.552,1.185,1.431,0.189,2.982,1.715,2.208,2.223,,2.938,1.989,6.607,1.653,,1.421,0.008,0.014,0.023,0.002,,,,
29890,Micronesia (country),2021,FSM,113143.0,,0.0,0.0,0.159,0.004,2.767,,,,,,,1.405,,0.22,0.0,0.0,,,,0.0,4.447,,0.0,0.0,0.0,,4.447,,6387.088,,0.0,0.0,0.0,0.0,,,,,,,,,0.159,1.405,,,0.723,0.0,0.0,,0.0,0.0,0.0,,0.0,0.0,0.0,,0.001,,0.0,0.0,,0.001,,0.0,0.0,0.0,0.0,0.0,,,,
30062,Middle East (GCP),2021,,,,,,2726.59,,,,,,,,,,,,,,,,,,,,,,,,,,,,,,,,,,,,,,,,,,,,,,,,,,,,,,,,,,,,,,,,,,,,,,,
30238,Moldova,2021,MDA,3061509.0,,0.636,0.208,5.602,0.351,6.69,1.498,0.058,4.036,0.489,,0.031,1.83,,0.114,0.416,0.136,,,,36.315,1341.734,1932.48,402.439,3.596,199.038,613.683,700.346,,16006.373,,0.0,0.0,1.936,0.632,,,-4.104,-1.34,,,,,2.613,0.853,,,49.004,0.038,0.015,0.004,0.003,0.081,0.077,0.078,0.05,0.019,0.078,0.083,0.116,,0.0,0.024,-0.104,0.022,,0.06,0.0,0.001,0.001,0.0,,,,
30410,Mongolia,2021,MNG,3347782.0,,0.487,0.146,50.316,0.711,1.433,43.061,1.114,2.655,12.863,,0.574,15.03,,0.671,44.4,13.263,,,,6.366,753.727,1234.517,628.376,0.114,0.0,1005.475,118.871,,22407.674,,0.0,0.0,0.0,0.0,,,-7.255,-2.167,,,,,5.429,1.622,,,75.016,0.029,0.136,0.105,0.296,0.014,0.043,0.05,0.078,0.001,0.0,0.135,0.02,,0.0,0.0,-0.184,0.046,,0.156,0.001,0.001,0.003,0.0,,,,
30582,Montenegro,2021,MNE,627856.0,,0.0,0.0,1.751,-0.7,-28.552,1.898,-0.48,-20.187,3.023,,0.16,2.789,,0.147,0.787,1.253,,,,0.0,105.346,231.497,73.674,0.034,0.0,216.506,31.637,,18940.291,,0.0,0.0,0.0,0.0,,,0.147,0.233,,,,,0.965,1.536,,,11.892,0.0,0.005,0.005,0.005,0.0,0.006,0.009,0.009,0.0,0.0,0.029,0.005,,0.0,0.0,0.004,0.008,,0.009,0.0,0.0,0.0,0.0,,,,
30754,Montserrat,2021,MSR,4438.0,,0.0,0.0,0.021,0.002,10.165,0.021,0.002,10.165,4.659,,0.169,4.659,,0.169,0.0,0.0,,,,0.0,1.608,-0.005,0.0,0.0,0.0,-1.319,1.608,,27584.43,,0.0,0.0,0.0,0.0,,,0.0,0.0,,,,,0.021,4.659,,,0.122,0.0,0.0,0.0,0.0,0.0,0.0,-0.0,0.0,0.0,0.0,-0.0,0.0,,0.0,0.0,0.0,0.0,,0.0,,0.0,0.0,,,,,
30926,Morocco,2021,MAR,37076588.0,,5.001,0.135,70.578,5.857,9.05,68.159,5.528,8.826,1.838,,0.254,1.904,,0.263,27.845,0.751,,,,171.862,1809.254,3129.063,478.137,0.0,33.963,1772.387,1125.293,,7236.71,,0.0,0.0,1.574,0.042,,,-2.418,-0.065,,,,,36.159,0.975,,,268.313,0.299,0.19,0.166,0.186,0.381,0.104,0.126,0.059,0.0,0.013,0.239,0.186,,0.0,0.02,-0.061,0.305,,0.173,0.001,0.001,0.003,0.0,,,,
31098,Mozambique,2021,MOZ,32077074.0,,1.011,0.032,7.156,0.487,7.299,35.222,-0.832,-2.308,1.098,,0.49,0.223,,0.1,0.05,0.002,,,,16.143,183.136,4699.712,44.058,0.153,14.666,6223.597,108.117,,2241.226,,0.0,0.0,1.924,0.06,,,28.066,0.875,,,,,4.171,0.13,,,71.892,0.06,0.019,0.086,0.0,0.036,0.011,0.19,0.005,0.001,0.006,0.838,0.018,,0.0,0.024,0.713,0.035,,0.189,0.001,0.002,0.003,0.0,,,,
31270,Myanmar,2021,MMR,53798088.0,,2.938,0.055,36.307,0.218,0.604,140.657,0.328,0.234,2.615,,0.853,0.675,,0.22,4.18,0.078,,,,23.823,642.667,6894.77,55.12,6.008,167.191,14907.937,390.525,,3064.848,,0.039,0.001,7.764,0.144,,,104.351,1.94,,,,,21.384,0.397,,,164.883,0.176,0.098,0.343,0.028,0.053,0.037,0.279,0.007,0.033,0.066,2.008,0.064,,0.009,0.098,2.649,0.181,,0.665,0.004,0.007,0.011,0.001,,,,
31442,Namibia,2021,NAM,2530150.0,,0.52,0.206,4.015,0.07,1.766,9.474,1.096,13.076,3.745,,0.428,1.587,,0.181,0.049,0.019,,,,3.986,78.961,189.394,2.283,0.0,0.0,293.596,72.693,,8748.273,,0.0,0.0,0.0,0.0,,,5.459,2.158,,,,,3.446,1.362,,,22.134,0.031,0.011,0.023,0.0,0.009,0.005,0.008,0.0,0.0,0.0,0.04,0.012,,0.0,0.0,0.139,0.029,,0.031,0.0,0.0,0.0,0.0,,,,
31613,Nauru,2021,NRU,12533.0,,0.0,0.0,0.06,0.002,2.767,,,,,,,4.756,,0.22,0.0,0.0,,,,0.0,4.917,,0.0,0.0,0.0,,4.917,,21609.617,,0.0,0.0,0.0,0.0,,,,,,,,,0.06,4.756,,,0.271,0.0,0.0,,0.0,0.0,0.0,,0.0,0.0,0.0,,0.001,,0.0,0.0,,0.001,,0.0,0.0,0.0,0.0,0.0,,,,
31785,Nepal,2021,NPL,30034988.0,,3.763,0.125,14.173,0.229,1.639,29.269,0.045,0.155,0.974,,0.606,0.472,,0.294,3.643,0.121,,,,28.048,174.738,1536.646,44.528,0.0,0.0,2241.342,102.162,,1607.635,,0.0,0.0,0.0,0.0,,,15.096,0.503,,,,,6.768,0.225,,,48.285,0.225,0.038,0.071,0.024,0.062,0.01,0.062,0.006,0.0,0.0,0.302,0.017,,0.0,0.0,0.383,0.057,,0.132,0.001,0.001,0.002,0.0,,,,
31961,Netherlands,2021,NLD,17501696.0,,0.006,0.0,141.045,3.196,2.318,143.097,3.196,2.284,8.176,,0.141,8.059,,0.139,23.001,1.314,,,,56.445,11879.458,12517.419,3866.873,29.955,3939.72,651.679,3948.477,37.987,58009.895,,0.925,0.053,68.083,3.89,,,2.052,0.117,,,,,47.937,2.739,0.062,1.093,1015.272,0.0,0.38,0.348,0.154,0.125,0.684,0.506,0.481,0.162,1.551,0.088,0.652,0.392,0.222,0.859,0.052,0.405,0.369,0.456,0.001,0.006,0.007,0.001,,,,
32133,Netherlands Antilles,2021,ANT,,,,,,,,,,,,,,,,,,,,,,,,,,,,6.449,,,,,,,,,,,0.037,,,,,,,,,,50.216,,,,,,,,,,,0.001,,,,,0.001,,,,,,,,,,,
32305,New Caledonia,2021,NCL,287809.0,,0.029,0.102,5.496,0.11,2.036,5.24,0.11,2.138,18.206,,0.26,19.097,,0.273,2.641,9.177,,,,1.673,155.17,175.176,55.1,0.0,0.0,51.003,98.397,,70000.125,,0.0,0.0,0.0,0.0,,,-0.256,-0.891,,,,,2.826,9.817,,,20.147,0.002,0.015,0.013,0.018,0.004,0.009,0.007,0.007,0.0,0.0,0.007,0.016,,0.0,0.0,-0.007,0.024,,0.005,,0.0,0.0,,,,,
32477,New Zealand,2021,NZL,5129730.0,,0.379,0.074,33.79,-0.667,-1.936,37.161,-0.41,-1.092,7.244,,0.158,6.587,,0.143,6.752,1.316,,,,33.837,1916.908,4750.755,633.744,29.735,331.676,3060.466,867.072,20.844,45906.223,,0.781,0.152,6.658,1.298,,,3.371,0.657,,,,,18.65,3.636,0.111,0.57,235.487,0.023,0.091,0.09,0.045,0.075,0.11,0.192,0.079,0.161,0.131,0.412,0.143,0.215,0.187,0.084,0.086,0.158,0.193,0.298,0.002,0.002,0.005,0.001,,,,
32649,Nicaragua,2021,NIC,6850546.0,,0.233,0.034,5.06,0.503,11.034,10.886,0.1,0.925,1.589,,0.373,0.739,,0.173,0.0,0.0,,,,8.673,181.367,2904.049,0.0,0.0,0.0,4096.096,172.694,,4265.271,,0.0,0.0,0.0,0.0,,,5.826,0.85,,,,,4.827,0.705,,,29.219,0.014,0.014,0.027,0.0,0.019,0.01,0.117,0.0,0.0,0.0,0.552,0.029,,0.0,0.0,0.148,0.041,,0.127,0.0,0.002,0.002,0.0,,,,
32821,Niger,2021,NER,25252722.0,,0.101,0.004,2.699,0.208,8.329,39.705,0.427,1.088,1.572,,3.837,0.107,,0.261,0.342,0.014,,,,1.153,51.519,1125.437,12.157,0.989,0.0,1823.719,37.219,,409.757,,0.093,0.004,0.0,0.0,,,37.006,1.465,,,,,2.163,0.086,,,10.347,0.006,0.007,0.097,0.002,0.003,0.003,0.045,0.002,0.005,0.0,0.246,0.006,,0.022,0.0,0.939,0.018,,0.102,0.001,0.001,0.002,0.0,,,,
32993,Nigeria,2021,NGA,213401328.0,,8.757,0.041,136.987,6.81,5.231,122.807,2.193,1.819,0.575,,0.226,0.642,,0.252,0.154,0.001,,,,140.413,4008.988,14529.944,70.652,1241.447,750.906,11481.657,1805.57,,2547.954,,12.458,0.058,40.644,0.19,,,-14.18,-0.066,,,,,74.974,0.351,,,543.737,0.524,0.369,0.299,0.001,0.312,0.231,0.587,0.009,6.727,0.296,1.546,0.298,,2.991,0.513,-0.36,0.633,,1.182,0.011,0.007,0.019,0.001,,,,
33164,Niue,2021,NIU,1957.0,,0.0,0.0,0.012,0.0,2.767,,,,,,,6.092,,0.378,0.0,0.0,,,,0.0,0.302,,0.0,0.0,0.0,,0.302,,16120.62,,0.0,0.0,0.0,0.0,,,,,,,,,0.012,6.092,,,0.032,0.0,0.0,,0.0,0.0,0.0,,0.0,0.0,0.0,,0.0,,0.0,0.0,,0.0,,0.0,0.0,0.0,0.0,0.0,,,,
33336,Non-OECD (GCP),2021,,,,,,24398.34,,,,,,,,,,,,,,,,,,,,,,,,,,,,,,,,,,,,,,,,,,,,,,,,,,,,,,,,,,,,,,,,,,,,,,,
33608,North America,2021,,597123384.0,,77.944,0.131,6137.9,332.281,5.723,6668.604,340.747,5.385,11.172,,0.202,10.283,,0.186,1079.314,1.808,,,,4150.391,484214.688,676096.5,186845.344,3711.373,92314.492,202262.547,195677.188,1515.902,54584.871,,96.447,0.162,2069.219,3.467,,,531.097,0.89,,,,,2787.595,4.67,0.046,27.381,32593.902,4.66,16.534,16.24,7.205,9.209,27.878,27.319,23.234,20.111,36.336,27.241,32.318,15.653,23.155,26.12,13.483,23.55,9.246,21.858,0.053,0.284,0.352,0.015,,,,
33780,North America (GCP),2021,,,,,,5960.749,,,,,,,,,,,,,,,,,,,,,,,,,,,,,,,,,,,,,,,,,,,,,,,,,,,,,,,,,,,,,,,,,,,,,,,
34052,North America (excl. USA),2021,,,,36.741,0.141,1130.564,40.636,3.728,1548.491,41.078,2.725,5.958,,0.22,4.35,,0.161,77.014,0.296,,,,1354.56,62307.84,129968.945,11400.362,1290.12,13771.95,77871.656,34402.156,88.69,,,28.762,0.111,432.181,1.663,,,418.319,1.609,,,,,553.817,2.131,0.008,2.049,,2.197,3.045,3.771,0.514,3.006,3.587,5.252,1.418,6.991,5.421,10.488,5.682,0.916,6.905,5.456,10.62,4.679,0.692,4.523,0.018,0.052,0.073,0.004,,,,
34224,North Korea,2021,PRK,25971910.0,,2.48,0.096,56.38,1.044,1.886,65.467,1.007,1.562,2.521,,0.657,2.171,,0.566,50.454,1.943,,,,153.669,5172.173,6420.534,4752.104,0.0,0.0,1391.184,266.4,,3833.954,,0.0,0.0,0.0,0.0,,,9.087,0.35,,,,,3.446,0.133,,,99.575,0.148,0.152,0.159,0.337,0.341,0.298,0.259,0.591,0.0,0.0,0.187,0.044,,0.0,0.0,0.231,0.029,,0.233,0.001,0.003,0.004,0.0,,,,
34396,North Macedonia,2021,MKD,2103329.0,,0.352,0.167,6.852,0.202,3.039,5.533,0.129,2.383,2.63,,0.196,3.257,,0.242,2.394,1.138,,,,18.455,642.474,963.441,418.154,0.21,6.294,464.668,199.361,,13448.679,,0.0,0.0,0.723,0.344,,,-1.319,-0.627,,,,,3.383,1.609,,,28.287,0.021,0.018,0.013,0.016,0.041,0.037,0.039,0.052,0.001,0.002,0.063,0.033,,0.0,0.009,-0.033,0.029,,0.029,0.0,0.0,0.0,0.0,,,,
34586,Norway,2021,NOR,5403021.0,,0.701,0.13,40.919,-0.277,-0.673,47.331,0.052,0.111,8.76,,0.083,7.573,,0.072,4.178,0.773,,,,62.602,2672.222,3894.507,617.523,74.301,469.604,1223.3,1426.043,22.148,105328.086,,1.519,0.281,12.673,2.346,,,6.412,1.187,,,,,21.478,3.975,0.068,0.37,569.09,0.042,0.11,0.115,0.028,0.139,0.154,0.157,0.077,0.403,0.185,0.165,0.236,0.229,0.365,0.16,0.163,0.181,0.125,0.17,0.001,0.001,0.003,0.0,,,,
34758,OECD (GCP),2021,,,,,,11703.761,,,,,,,,,,,,,,,,,,,,,,,,,,,,,,,,,,,,,,,,,,,,,,,,,,,,,,,,,,,,,,,,,,,,,,,
34929,OECD (Jones et al. 2023),2021,,,,,,,,,,,,,,,,,,,,,,,,,,,,,,,,,,,,,,,,,,,,,,,,,,,,,,,,,,,,,,,,,,,,,39.787,0.096,0.511,0.641,0.034,,,,
35201,Oceania,2021,,44492065.0,,3.229,0.073,443.192,-8.994,-1.989,485.163,-15.198,-3.037,10.97,,0.257,10.021,,0.235,160.352,3.626,,,,230.973,21361.656,39729.531,11034.318,331.289,2498.386,18807.02,7132.459,134.23,41087.691,,18.177,0.411,84.691,1.915,,,43.748,0.989,,,,,172.434,3.899,0.097,4.308,1828.076,0.193,1.194,1.182,1.07,0.513,1.23,1.605,1.372,1.795,0.983,2.533,1.178,1.386,4.364,1.069,1.111,1.457,1.455,1.932,0.01,0.018,0.031,0.004,,,,
35373,Oceania (GCP),2021,,,,,,434.682,,,,,,,,,,,,,,,,,,,,,,,,,,,,,,,,,,,,,,,,,,,,,,,,,,,,,,,,,,,,,,,,,,,,,,,
35545,Oman,2021,OMN,4520474.0,,1.816,0.402,80.991,8.485,11.702,81.358,8.485,11.644,17.998,,0.206,17.917,,0.206,0.0,0.0,,,,38.364,1404.168,1408.418,0.0,149.319,866.593,-2.821,349.892,,87160.523,,4.653,1.029,62.327,13.788,,,0.366,0.081,,,,,12.195,2.698,,,394.007,0.109,0.218,0.198,0.0,0.085,0.081,0.057,0.0,0.809,0.341,-0.0,0.058,,1.117,0.787,0.009,0.103,,0.13,0.001,0.001,0.002,0.0,,,,
35717,Pakistan,2021,PAK,231402112.0,,18.621,0.08,229.512,19.128,9.092,254.061,18.725,7.957,1.098,,0.234,0.992,,0.212,59.957,0.259,,,,320.075,5273.938,7785.904,790.928,32.092,1926.131,3350.911,2204.712,,4683.573,,0.442,0.002,75.509,0.326,,,24.549,0.106,,,,,74.984,0.324,,,1083.789,1.113,0.618,0.619,0.4,0.71,0.304,0.315,0.098,0.174,0.758,0.451,0.364,,0.106,0.953,0.623,0.633,,0.755,0.008,0.003,0.012,0.001,,,,
35888,Palau,2021,PLW,18050.0,,0.0,0.0,0.238,0.006,2.767,,,,,,,13.21,,,0.0,0.0,,,,0.0,10.814,,0.0,0.0,0.0,,10.814,,,,0.0,0.0,0.0,0.0,,,,,,,,,0.238,13.21,,,,0.0,0.001,,0.0,0.0,0.001,,0.0,0.0,0.0,,0.002,,0.0,0.0,,0.002,,0.0,0.0,0.0,0.0,0.0,,,,
36060,Palestine,2021,PSE,5133393.0,,0.0,0.0,3.092,0.075,2.487,3.092,0.075,2.487,0.602,,0.151,0.602,,0.151,0.0,0.0,,,,0.0,62.938,61.143,0.0,0.011,0.0,10.552,62.927,,3999.195,,0.0,0.0,0.0,0.0,,,0.0,0.0,,,,,3.092,0.602,,,20.529,0.0,0.008,0.008,0.0,0.0,0.004,0.002,0.0,0.0,0.0,0.001,0.01,,0.0,0.0,0.0,0.026,,0.002,,0.0,0.0,,,,,
36232,Panama,2021,PAN,4351264.0,,0.57,0.131,13.032,1.375,11.798,18.088,1.449,8.705,4.157,,0.154,2.995,,0.111,2.924,0.672,,,,19.768,324.128,1376.539,15.685,0.0,4.532,1836.03,284.143,,27067.068,,0.0,0.0,0.911,0.209,,,5.056,1.162,,,,,8.626,1.982,,,117.776,0.034,0.035,0.044,0.02,0.044,0.019,0.056,0.002,0.0,0.002,0.247,0.047,,0.0,0.012,0.128,0.073,,0.058,0.0,0.001,0.001,0.0,,,,
36433,Panama Canal Zone (Jones et al. 2023),2021,,,,,,,,,,,,,,,,,,,,,,,,,,,,,,,,,,,,,,,,,,,,,,,,,,,,,,,,,,,,,,,,,,,,,0.0,,0.0,0.0,,,,,
36705,Papua New Guinea,2021,PNG,9949438.0,,0.0,0.0,8.51,0.184,2.215,36.796,0.954,2.661,3.698,,1.742,0.855,,0.403,0.0,0.0,,,,0.0,183.206,1720.474,0.051,1.528,12.249,1537.268,169.378,,2123.498,,0.124,0.012,0.791,0.08,,,28.286,2.843,,,,,7.594,0.763,,,21.128,0.0,0.023,0.09,0.0,0.0,0.011,0.07,0.0,0.008,0.005,0.207,0.028,,0.03,0.01,0.718,0.064,,0.073,0.0,0.001,0.001,0.0,,,,
36877,Paraguay,2021,PRY,6703802.0,,0.404,0.06,8.577,0.543,6.763,45.033,-0.593,-1.299,6.718,,0.426,1.279,,0.081,0.002,0.0,,,,10.028,186.636,4460.362,0.043,0.0,0.0,5142.094,176.564,,15782.273,,0.0,0.0,0.0,0.0,,,36.457,5.438,,,,,8.171,1.219,,,105.801,0.024,0.023,0.11,0.0,0.022,0.011,0.18,0.0,0.0,0.0,0.693,0.029,,0.0,0.0,0.926,0.069,,0.204,0.001,0.002,0.003,0.0,,,,
37049,Peru,2021,PER,33715464.0,,4.546,0.135,56.282,8.793,18.516,45.62,5.898,14.849,1.353,,0.144,1.669,,0.177,2.48,0.074,,,,116.781,1995.779,7086.321,120.081,79.296,252.477,5433.016,1427.144,,9412.289,,0.121,0.004,15.32,0.454,,,-10.662,-0.316,,,,,33.815,1.003,,,317.34,0.272,0.152,0.111,0.017,0.259,0.115,0.286,0.015,0.43,0.099,0.732,0.236,,0.029,0.193,-0.271,0.286,,0.317,0.002,0.003,0.005,0.0,,,,
37221,Philippines,2021,PHL,113880336.0,,11.675,0.103,144.264,8.602,6.341,172.99,7.21,4.349,1.519,,0.317,1.267,,0.264,74.912,0.658,,,,252.136,3535.601,13629.445,891.526,2.31,135.742,13459.302,2253.888,,4791.938,,0.163,0.001,6.591,0.058,,,28.726,0.252,,,,,50.923,0.447,,,545.707,0.698,0.389,0.421,0.5,0.559,0.204,0.551,0.111,0.013,0.053,1.813,0.372,,0.039,0.083,0.729,0.43,,0.656,0.004,0.007,0.011,0.0,,,,
37443,Poland,2021,POL,38307724.0,,7.496,0.196,328.58,25.057,8.255,281.204,26.742,10.509,7.341,,0.229,8.577,,0.268,179.502,4.686,,,,423.253,28196.094,26431.443,23198.406,114.944,1225.725,-1704.493,3085.318,148.447,32001.074,,4.225,0.11,40.57,1.059,,,-47.376,-1.237,,,,,91.709,2.394,0.133,5.077,1225.888,0.448,0.885,0.685,1.198,0.939,1.623,1.068,2.885,0.623,0.482,-0.23,0.51,1.533,1.014,0.512,-1.203,0.775,1.714,1.022,0.004,0.012,0.016,0.001,,,,
37615,Portugal,2021,PRT,10290109.0,,2.31,0.224,40.797,-1.003,-2.399,36.547,-0.929,-2.48,3.552,,0.137,3.965,,0.153,1.102,0.107,,,,161.76,2656.068,3052.147,651.548,18.849,224.055,466.061,1573.951,25.904,25884.49,,1.013,0.098,11.649,1.132,,,-4.25,-0.413,,,,,23.886,2.321,0.081,0.839,266.354,0.138,0.11,0.089,0.007,0.359,0.153,0.123,0.081,0.102,0.088,0.063,0.26,0.267,0.243,0.147,-0.108,0.202,0.283,0.119,0.001,0.001,0.002,0.0,,,,
37787,Puerto Rico,2021,PRI,3256030.0,,,,,,0.0,,,0.0,,,,,,,,,,,,,,,,,,309.132,,,24176.893,,,,,,,,-1.136,-0.349,,,,,,,,,78.721,,,,,,,,,,,0.042,,,,,-0.029,,,0.006,,0.0,0.0,,,,,
37959,Qatar,2021,QAT,2688239.0,,1.572,0.585,95.667,2.806,3.022,95.667,2.806,3.022,35.587,,0.178,35.587,,0.178,0.0,0.0,,,,34.225,2155.059,2155.975,0.0,178.056,1622.297,0.916,320.479,,199419.203,,1.891,0.704,83.531,31.073,,,0.0,0.0,,,,,8.673,3.226,,,536.086,0.094,0.258,0.233,0.0,0.076,0.124,0.087,0.0,0.965,0.639,0.0,0.053,,0.454,1.054,0.0,0.073,,0.241,0.003,0.001,0.004,0.0,,,,
38231,Reunion,2021,REU,966132.0,,0.0,0.0,4.103,0.0,0.0,4.176,0.0,0.0,4.323,,,4.247,,,1.883,1.949,,,,0.0,127.909,178.326,42.278,0.0,0.0,50.417,85.631,,0.0,,0.0,0.0,0.0,0.0,,,0.073,0.076,,,,,2.22,2.298,,,0.0,0.0,0.011,0.01,0.013,0.0,0.007,0.007,0.005,0.0,0.0,0.007,0.014,,0.0,0.0,0.002,0.019,,,,,,,,,,
38403,Romania,2021,ROU,19328558.0,,3.901,0.202,79.327,5.189,6.999,60.824,4.786,8.54,3.147,,0.157,4.104,,0.205,16.451,0.851,,,,265.071,8647.11,11838.931,2569.404,28.964,2939.486,3398.946,2807.696,36.489,20035.705,,0.794,0.041,25.51,1.32,,,-18.503,-0.957,,,,,31.801,1.645,0.045,0.87,387.261,0.233,0.214,0.148,0.11,0.588,0.498,0.478,0.32,0.157,1.157,0.458,0.464,0.377,0.191,0.322,-0.47,0.269,0.294,0.365,0.001,0.004,0.006,0.0,,,,
38579,Russia,2021,RUS,145102752.0,,21.921,0.151,1755.547,131.326,8.085,2193.249,139.277,6.781,15.115,,0.251,12.099,,0.201,380.227,2.62,,,,1659.174,117547.633,213136.953,45571.473,1486.447,35054.215,99041.836,33219.816,556.505,60271.016,,58.922,0.406,875.052,6.031,,,437.701,3.016,,,,,403.08,2.778,0.113,16.345,8745.49,1.311,4.729,5.341,2.538,3.682,6.768,8.612,5.667,8.055,13.798,13.339,5.487,5.747,14.146,11.046,11.112,3.405,5.519,6.098,0.02,0.075,0.098,0.004,,,,
38751,Rwanda,2021,RWA,13461891.0,,0.164,0.012,1.755,0.093,5.575,3.696,0.056,1.539,0.275,,0.583,0.13,,0.277,0.019,0.001,,,,1.776,32.033,460.428,0.096,0.022,0.637,713.674,29.501,,471.355,,0.0,0.0,0.102,0.008,,,1.942,0.144,,,,,1.47,0.109,,,6.345,0.01,0.005,0.009,0.0,0.004,0.002,0.019,0.0,0.0,0.0,0.096,0.005,,0.0,0.001,0.049,0.012,,0.034,0.0,0.0,0.001,0.0,,,,
38943,Ryukyu Islands (Jones et al. 2023),2021,,,,,,,,,,,,,,,,,,,,,,,,,,,,,,,,,,,,,,,,,,,,,,,,,,,,,,,,,,,,,,,,,,,,,0.001,,0.0,0.0,,,,,
39114,Saint Helena,2021,SHN,5428.0,,0.0,0.0,0.014,0.001,10.165,,,,,,,2.54,,0.254,0.0,0.0,,,,0.0,0.4,,0.0,0.0,0.0,,0.4,,9979.507,,0.0,0.0,0.0,0.0,,,,,,,,,0.014,2.54,,,0.054,0.0,0.0,,0.0,0.0,0.0,,0.0,0.0,0.0,,0.0,,0.0,0.0,,0.0,,0.0,0.0,0.0,0.0,0.0,,,,
39286,Saint Kitts and Nevis,2021,KNA,47631.0,,0.0,0.0,0.238,0.022,10.164,0.165,0.022,15.388,3.454,,0.165,4.992,,0.239,0.0,0.0,,,,0.0,6.595,2.711,0.0,0.0,0.0,-1.759,6.595,,20900.703,,0.0,0.0,0.0,0.0,,,-0.073,-1.538,,,,,0.238,4.992,,,0.996,0.0,0.001,0.0,0.0,0.0,0.0,0.0,0.0,0.0,0.0,-0.0,0.001,,0.0,0.0,-0.002,0.002,,0.0,0.0,0.0,0.0,0.0,,,,
39458,Saint Lucia,2021,LCA,179663.0,,0.0,0.0,0.486,0.045,10.164,0.413,0.045,12.189,2.297,,0.169,2.705,,0.199,0.0,0.0,,,,0.0,14.872,14.872,0.0,0.0,0.0,2.198,14.872,,13599.725,,0.0,0.0,0.0,0.0,,,-0.073,-0.408,,,,,0.486,2.705,,,2.443,0.0,0.001,0.001,0.0,0.0,0.001,0.001,0.0,0.0,0.0,0.0,0.002,,0.0,0.0,-0.002,0.004,,0.001,0.0,0.0,0.0,0.0,,,,
39630,Saint Martin (French part),2021,MAF,31964.0,,,,,,,,,,,,,,,,,,,,,,,,,,,0.183,,,,,,,,,,,0.0,,,,,,,,,,,,,,,,,,,,,0.0,,,,,0.0,,,,,,,,,,,
39802,Saint Pierre and Miquelon,2021,SPM,5905.0,,0.0,0.0,0.062,0.006,10.163,0.062,0.006,10.163,10.505,,0.18,10.505,,0.18,0.0,0.0,,,,0.0,3.753,4.926,0.495,0.0,0.0,1.392,3.258,,58387.957,,0.0,0.0,0.0,0.0,,,0.0,0.0,,,,,0.062,10.505,,,0.345,0.0,0.0,0.0,0.0,0.0,0.0,0.0,0.0,0.0,0.0,0.0,0.001,,0.0,0.0,0.0,0.001,,0.0,,0.0,0.0,,,,,
39974,Saint Vincent and the Grenadines,2021,VCT,104340.0,,0.0,0.0,0.214,0.02,10.164,0.177,0.02,12.531,1.697,,0.206,2.048,,0.248,0.0,0.0,,,,0.0,7.157,9.831,0.0,0.0,0.0,2.675,7.157,,8245.438,,0.0,0.0,0.0,0.0,,,-0.037,-0.351,,,,,0.214,2.048,,,0.86,0.0,0.001,0.0,0.0,0.0,0.0,0.0,0.0,0.0,0.0,0.0,0.001,,0.0,0.0,-0.001,0.002,,0.0,0.0,0.0,0.0,0.0,,,,
40146,Samoa,2021,WSM,218781.0,,0.0,0.0,0.294,0.008,2.767,0.111,0.008,7.691,0.507,,0.069,1.344,,0.184,0.0,0.0,,,,0.0,7.142,9.487,0.0,0.0,0.0,9.673,7.142,,7302.089,,0.0,0.0,0.0,0.0,,,-0.183,-0.837,,,,,0.294,1.344,,,1.598,0.0,0.001,0.0,0.0,0.0,0.0,0.0,0.0,0.0,0.0,0.001,0.001,,0.0,0.0,-0.005,0.002,,0.002,0.0,0.0,0.0,0.0,,,,
40318,Sao Tome and Principe,2021,STP,223118.0,,0.0,0.0,0.132,0.008,6.093,0.095,0.008,8.637,0.427,,0.129,0.592,,0.179,0.0,0.0,,,,0.0,3.51,9.116,0.0,0.0,0.0,11.248,3.51,,3310.244,,0.0,0.0,0.0,0.0,,,-0.037,-0.164,,,,,0.132,0.592,,,0.739,0.0,0.0,0.0,0.0,0.0,0.0,0.0,0.0,0.0,0.0,0.002,0.001,,0.0,0.0,-0.001,0.001,,0.0,0.0,0.0,0.0,0.0,,,,
40490,Saudi Arabia,2021,SAU,35950396.0,,28.688,0.798,672.38,11.187,1.692,674.652,11.334,1.709,18.766,,0.226,18.703,,0.225,0.0,0.0,,,,560.302,16705.824,16896.535,0.0,942.124,5033.217,156.636,10170.182,,83101.906,,3.905,0.109,270.065,7.512,,,2.272,0.063,,,,,369.721,10.284,,,2987.546,1.715,1.811,1.643,0.0,1.243,0.962,0.683,0.0,5.105,1.981,0.021,1.68,,0.938,3.409,0.058,3.123,,0.771,0.005,0.008,0.012,0.0,,,,
40662,Senegal,2021,SEN,16876726.0,,2.674,0.158,13.598,0.854,6.702,10.007,0.964,10.659,0.593,,0.237,0.806,,0.322,2.19,0.13,,,,41.593,260.7,519.012,20.36,0.011,1.106,832.424,197.629,,2505.209,,0.0,0.0,0.034,0.002,,,-3.591,-0.213,,,,,8.7,0.516,,,42.28,0.16,0.037,0.024,0.015,0.092,0.015,0.021,0.003,0.0,0.0,0.112,0.033,,0.0,0.0,-0.091,0.073,,0.058,0.0,0.0,0.001,0.0,,,,
40834,Serbia,2021,SRB,7296771.0,,0.959,0.131,30.869,-13.68,-30.708,20.097,-13.424,-40.046,2.754,,0.1,4.23,,0.153,16.012,2.194,,,,72.434,2804.102,3431.598,2064.591,1.039,198.258,1320.725,467.78,,27640.852,,0.0,0.0,5.196,0.712,,,-10.772,-1.476,,,,,8.702,1.193,,,201.689,0.057,0.083,0.049,0.107,0.161,0.161,0.139,0.257,0.006,0.078,0.178,0.077,,0.0,0.066,-0.273,0.074,,0.125,0.0,0.001,0.002,0.0,,,,
41005,Seychelles,2021,SYC,106486.0,,0.0,0.0,0.568,0.03,5.553,,,,,,,5.337,,0.116,0.0,0.0,,,,0.0,14.103,,0.0,0.0,0.0,,14.103,,45933.664,,0.0,0.0,0.0,0.0,,,,,,,,,0.568,5.337,,,4.891,0.0,0.002,,0.0,0.0,0.001,,0.0,0.0,0.0,,0.002,,0.0,0.0,,0.005,,0.001,0.0,0.0,0.0,0.0,,,,
41277,Sierra Leone,2021,SLE,8420642.0,,0.0,0.0,1.299,0.083,6.817,13.061,-0.174,-1.311,1.551,,3.149,0.154,,0.313,0.0,0.0,,,,0.0,38.607,2864.65,0.864,0.0,0.0,2826.043,37.742,,492.598,,0.0,0.0,0.0,0.0,,,11.761,1.397,,,,,1.299,0.154,,,4.148,0.0,0.004,0.032,0.0,0.0,0.002,0.116,0.0,0.0,0.0,0.381,0.006,,0.0,0.0,0.299,0.011,,0.059,0.0,0.001,0.001,0.0,,,,
41549,Singapore,2021,SGP,5941063.0,,0.0,0.0,32.507,2.597,8.684,32.8,2.561,8.468,5.521,,0.036,5.472,,0.036,3.349,0.564,,,,0.0,2101.495,2163.05,25.714,0.0,350.443,61.555,1725.338,,153295.156,,0.0,0.0,22.225,3.741,,,0.293,0.049,,,,,6.933,1.167,,,910.736,0.0,0.088,0.08,0.022,0.0,0.121,0.087,0.003,0.0,0.138,0.008,0.285,,0.0,0.281,0.007,0.059,,0.077,0.0,0.001,0.001,0.0,,,,
41721,Sint Maarten (Dutch part),2021,SXM,44061.0,,0.0,0.0,0.648,0.06,10.164,0.648,0.06,10.164,14.705,,,14.705,,,0.0,0.0,,,,0.0,70.289,70.472,0.0,0.0,0.0,0.183,70.289,,,,0.0,0.0,0.0,0.0,,,0.0,0.0,,,,,0.648,14.705,,,,0.0,0.002,0.002,0.0,0.0,0.004,0.003,0.0,0.0,0.0,0.0,0.012,,0.0,0.0,0.0,0.005,,0.002,,0.0,0.0,,,,,
41893,Slovakia,2021,SVK,5447621.0,,1.443,0.265,35.308,4.213,13.55,32.817,3.884,13.423,6.024,,0.168,6.481,,0.181,12.579,2.309,,,,89.25,3934.303,4391.607,2672.638,0.728,506.677,508.966,632.587,32.422,35836.406,,0.013,0.002,10.394,1.908,,,-2.492,-0.457,,,,,10.094,1.853,0.144,0.784,195.223,0.086,0.095,0.08,0.084,0.198,0.227,0.177,0.332,0.004,0.199,0.069,0.104,0.335,0.003,0.131,-0.063,0.085,0.265,0.137,0.0,0.002,0.002,0.0,,,,
42065,Slovenia,2021,SVN,2119408.0,,0.475,0.224,12.549,-0.317,-2.463,14.528,-0.757,-4.95,6.855,,0.189,5.921,,0.164,3.614,1.705,,,,28.244,864.578,1144.031,372.226,4.61,69.594,368.965,385.298,4.605,36175.777,,0.125,0.059,1.843,0.87,,,1.979,0.934,,,,,6.387,3.014,0.049,0.105,76.671,0.028,0.034,0.035,0.024,0.063,0.05,0.046,0.046,0.025,0.027,0.05,0.064,0.048,0.03,0.023,0.05,0.054,0.035,0.041,0.0,0.0,0.001,0.0,,,,
42237,Solomon Islands,2021,SLB,707855.0,,0.0,0.0,0.318,0.009,2.767,5.924,-0.175,-2.864,8.369,,4.423,0.449,,0.237,0.0,0.0,,,,0.0,10.758,168.896,0.0,0.0,0.0,174.883,10.758,,1892.131,,0.0,0.0,0.0,0.0,,,5.606,7.92,,,,,0.318,0.449,,,1.339,0.0,0.001,0.014,0.0,0.0,0.001,0.007,0.0,0.0,0.0,0.024,0.002,,0.0,0.0,0.142,0.003,,0.004,0.0,0.0,0.0,0.0,,,,
42409,Somalia,2021,SOM,17065588.0,,,,0.61,0.032,5.553,22.778,1.168,5.405,1.335,,6.139,0.036,,0.165,0.0,0.0,,,,,33.489,942.564,0.0,0.0,0.0,1062.743,33.384,,217.41,,0.0,0.0,0.0,0.0,,,22.167,1.299,,,,,0.61,0.036,,,3.71,,0.002,0.055,0.0,,0.002,0.038,0.0,0.0,0.0,0.143,0.006,,0.0,0.0,0.563,0.005,,0.093,0.001,0.0,0.001,0.0,,,,
42581,South Africa,2021,ZAF,59392256.0,,5.071,0.085,435.929,0.097,0.022,440.729,2.515,0.574,7.421,,0.317,7.34,,0.314,370.267,6.234,,,,254.392,21465.1,28462.387,18534.971,0.498,196.254,7383.144,2478.984,,23392.424,,0.052,0.001,8.234,0.139,,,4.8,0.081,,,,,52.305,0.881,,,1389.329,0.303,1.174,1.073,2.472,0.564,1.236,1.15,2.305,0.003,0.077,0.994,0.409,,0.013,0.104,0.122,0.442,,1.031,0.004,0.012,0.017,0.001,,,,
42853,South America,2021,,434254167.0,,46.24,0.106,1074.999,93.809,9.561,2335.708,102.896,4.608,5.379,,0.335,2.476,,0.154,113.779,0.262,,,,1631.176,44267.539,209684.141,4880.35,2269.006,8118.473,182958.141,27198.898,169.637,16192.434,,38.604,0.089,262.523,0.605,,,1260.819,2.903,,,,,607.46,1.399,0.015,6.392,7031.632,2.765,2.896,5.688,0.76,3.619,2.549,8.473,0.607,12.295,3.196,24.641,4.492,1.752,9.268,3.314,32.008,5.132,2.158,8.982,0.046,0.092,0.145,0.007,,,,
43025,South America (GCP),2021,,,,,,1074.998,,,,,,,,,,,,,,,,,,,,,,,,,,,,,,,,,,,,,,,,,,,,,,,,,,,,,,,,,,,,,,,,,,,,,,,
43197,South Korea,2021,KOR,51830136.0,,23.704,0.457,616.075,18.441,3.086,609.626,18.331,3.1,11.762,,0.175,11.886,,0.177,283.908,5.478,,,,959.549,18927.932,18846.443,8357.433,0.124,2083.7,-30.375,7314.663,212.463,67330.305,,0.006,0.0,126.79,2.446,,,-6.449,-0.124,,,,,171.484,3.309,0.196,10.183,3489.739,1.417,1.66,1.485,1.895,2.129,1.09,0.762,1.039,0.001,0.82,-0.004,1.208,2.194,0.001,1.601,-0.164,1.449,3.438,0.667,0.002,0.009,0.011,0.0,,,,
43369,South Sudan,2021,SSD,10748278.0,,0.0,0.0,1.582,0.083,5.553,8.067,-0.943,-10.463,0.751,,1.025,0.147,,0.201,0.0,0.0,,,,0.0,40.672,1363.926,0.109,0.0,0.0,1745.383,40.563,,731.989,,0.0,0.0,0.0,0.0,,,6.485,0.603,,,,,1.582,0.147,,,7.868,0.0,0.004,0.02,0.0,0.0,0.002,0.055,0.0,0.0,0.0,0.235,0.007,,0.0,0.0,0.165,0.013,,0.158,0.001,0.001,0.003,0.001,,,,
43561,Spain,2021,ESP,47486932.0,,8.609,0.181,233.65,20.31,9.52,208.148,19.87,10.554,4.383,,0.135,4.92,,0.151,18.575,0.391,,,,705.016,15100.203,17219.338,4858.969,83.655,1654.14,2121.383,7685.895,112.529,32491.648,,3.558,0.075,67.109,1.413,,,-25.501,-0.537,,,,,133.113,2.803,0.057,2.685,1542.929,0.515,0.629,0.507,0.124,1.564,0.869,0.696,0.604,0.453,0.651,0.286,1.269,1.162,0.854,0.847,-0.647,1.125,0.907,0.612,0.002,0.007,0.01,0.001,,,,
43733,Sri Lanka,2021,LKA,21773438.0,,1.511,0.069,20.781,-0.923,-4.252,30.637,-1.106,-3.484,1.407,,0.288,0.954,,0.195,6.077,0.279,,,,26.442,521.047,2127.674,61.801,0.0,0.0,2812.01,432.804,,4884.529,,0.0,0.0,0.0,0.0,,,9.856,0.453,,,,,13.193,0.606,,,106.353,0.09,0.056,0.075,0.041,0.059,0.03,0.086,0.008,0.0,0.0,0.379,0.071,,0.0,0.0,0.25,0.111,,0.099,0.001,0.001,0.002,0.0,,,,
43928,St. Kitts-Nevis-Anguilla (Jones et al. 2023),2021,,,,,,,,,,,,,,,,,,,,,,,,,,,,,,,,,,,,,,,,,,,,,,,,,,,,,,,,,,,,,,,,,,,,,0.0,,0.0,0.0,,,,,
44100,Sudan,2021,SDN,45657204.0,,1.556,0.034,21.038,1.003,5.005,35.841,-0.939,-2.554,0.785,,0.339,0.461,,0.199,0.0,0.0,,,,21.3,473.842,2804.036,1.286,6.985,0.0,2733.124,444.27,,2317.393,,0.456,0.01,0.0,0.0,,,14.803,0.324,,,,,19.027,0.417,,,105.806,0.093,0.057,0.087,0.0,0.047,0.027,0.113,0.0,0.038,0.0,0.368,0.073,,0.109,0.0,0.376,0.161,,0.287,0.003,0.001,0.005,0.001,,,,
44272,Suriname,2021,SUR,612989.0,,0.012,0.019,2.793,0.186,7.116,6.53,0.295,4.739,10.654,,0.525,4.557,,0.225,0.0,0.0,,,,1.289,117.282,304.146,1.378,0.033,0.166,241.787,114.416,,20284.996,,0.0,0.0,0.011,0.017,,,3.737,6.097,,,,,2.771,4.52,,,12.434,0.001,0.008,0.016,0.0,0.003,0.007,0.012,0.0,0.0,0.0,0.033,0.019,,0.0,0.0,0.095,0.023,,0.011,0.0,0.0,0.0,0.0,,,,
44444,Svalbard and Jan Mayen,2021,SJM,,,,,,,,,,,,,,,,,,,,,,,,,,,,0.0,,,,,,,,,,,0.0,,,,,,,,,,,,,,,,,,,,,0.0,,,,,0.0,,,,,,,,,,,
44628,Sweden,2021,SWE,10467095.0,,1.272,0.122,35.849,-0.666,-1.824,40.246,-0.52,-1.275,3.845,,0.064,3.425,,0.057,5.553,0.531,,,,111.814,5026.541,8180.229,1508.272,17.457,71.325,3154.667,3297.979,19.693,60186.461,,0.445,0.043,1.484,0.142,,,4.397,0.42,,,,,26.563,2.538,0.051,0.532,629.977,0.076,0.097,0.098,0.037,0.248,0.289,0.331,0.188,0.095,0.028,0.425,0.545,0.203,0.107,0.019,0.112,0.224,0.18,0.235,0.001,0.003,0.004,0.0,,,,
44800,Switzerland,2021,CHE,8691409.0,,1.679,0.193,34.932,0.691,2.017,33.906,0.617,1.855,3.901,,0.114,4.019,,0.117,0.413,0.048,,,,138.173,3059.692,3285.101,592.024,1.25,231.188,253.256,2090.112,6.945,34368.309,,0.026,0.003,7.23,0.832,,,-1.026,-0.118,,,,,25.42,2.925,0.019,0.163,298.709,0.1,0.094,0.083,0.003,0.307,0.176,0.133,0.074,0.007,0.091,0.034,0.345,0.072,0.006,0.091,-0.026,0.215,0.055,0.11,0.0,0.001,0.002,0.0,,,,
44972,Syria,2021,SYR,21324366.0,,0.768,0.036,27.001,0.841,3.215,26.781,0.878,3.388,1.256,,0.228,1.266,,0.23,0.003,0.0,,,,74.321,1888.237,2330.958,0.625,90.457,299.152,509.809,1423.683,,5507.217,,1.957,0.092,6.837,0.321,,,-0.22,-0.01,,,,,17.436,0.818,,,117.438,0.046,0.073,0.065,0.0,0.165,0.109,0.094,0.0,0.49,0.118,0.069,0.235,,0.47,0.086,-0.006,0.147,,0.117,0.001,0.001,0.002,0.0,,,,
45144,Taiwan,2021,TWN,23859904.0,,5.85,0.245,282.856,18.589,7.034,285.311,18.552,6.955,11.958,,0.206,11.855,,0.204,154.887,6.492,,,,403.889,9319.123,10070.976,4603.829,0.695,846.29,773.947,3420.896,43.523,57989.336,,0.135,0.006,55.086,2.309,,,2.455,0.103,,,,,65.905,2.762,0.042,0.993,1383.62,0.35,0.762,0.695,1.034,0.896,0.537,0.407,0.572,0.004,0.333,0.104,0.565,0.449,0.032,0.695,0.062,0.557,0.335,0.33,0.001,0.004,0.005,0.0,,,,
45320,Tajikistan,2021,TJK,9750078.0,,2.053,0.211,10.336,0.902,9.565,10.043,0.902,9.872,1.03,,0.134,1.06,,0.138,5.185,0.532,,,,20.875,487.571,600.129,128.926,2.092,84.204,115.856,251.474,,7674.914,,0.0,0.0,0.311,0.032,,,-0.293,-0.03,,,,,2.787,0.286,,,74.831,0.123,0.028,0.024,0.035,0.046,0.028,0.024,0.016,0.011,0.033,0.016,0.042,,0.0,0.004,-0.007,0.024,,0.04,0.0,0.0,0.001,0.0,,,,
45492,Tanzania,2021,TZA,63588332.0,,2.524,0.04,13.059,0.765,6.22,60.618,-5.574,-8.421,0.953,,1.051,0.205,,0.226,1.983,0.031,,,,29.234,259.24,7589.475,14.954,0.045,25.671,9885.984,189.336,,907.404,,0.0,0.0,2.083,0.033,,,47.559,0.748,,,,,6.469,0.102,,,57.7,0.151,0.035,0.148,0.013,0.065,0.015,0.307,0.002,0.0,0.01,1.331,0.031,,0.0,0.026,1.207,0.055,,0.424,0.002,0.004,0.007,0.001,,,,
45664,Thailand,2021,THA,71601104.0,,21.151,0.295,278.496,1.127,0.406,338.732,0.028,0.008,4.731,,0.244,3.89,,0.2,70.647,0.987,,,,625.81,7783.365,23844.619,1464.689,7.126,1757.715,21036.416,3928.024,,19425.641,,0.556,0.008,77.388,1.081,,,60.236,0.841,,,,,108.753,1.519,,,1390.897,1.265,0.75,0.825,0.472,1.389,0.448,0.963,0.182,0.039,0.692,2.833,0.649,,0.134,0.977,1.529,0.919,,0.905,0.005,0.009,0.015,0.001,,,,
45836,Togo,2021,TGO,8644829.0,,0.842,0.097,2.342,0.098,4.382,2.342,-0.085,-3.497,0.271,,0.243,0.271,,0.243,0.0,0.0,,,,20.894,68.293,503.503,0.0,0.0,0.952,934.54,46.448,,1115.704,,0.0,0.0,0.221,0.026,,,0.0,0.0,,,,,1.279,0.148,,,9.645,0.05,0.006,0.006,0.0,0.046,0.004,0.02,0.0,0.0,0.0,0.126,0.008,,0.0,0.003,0.0,0.011,,0.028,0.0,0.0,0.0,0.0,,,,
46008,Tonga,2021,TON,106034.0,,0.0,0.0,0.175,0.005,2.768,0.175,0.005,2.768,1.649,,0.246,1.649,,0.246,0.0,0.0,,,,0.0,4.57,6.988,0.0,0.0,0.0,2.858,4.57,,6698.594,,0.0,0.0,0.0,0.0,,,0.0,0.0,,,,,0.175,1.649,,,0.71,0.0,0.0,0.0,0.0,0.0,0.0,0.0,0.0,0.0,0.0,0.0,0.001,,0.0,0.0,0.0,0.001,,0.001,0.0,0.0,0.0,0.0,,,,
46180,Trinidad and Tobago,2021,TTO,1525671.0,,0.263,0.172,36.124,0.368,1.029,35.904,0.368,1.035,23.533,,0.212,23.677,,0.213,0.0,0.0,,,,13.016,1608.578,1595.424,0.231,110.929,1055.225,71.411,429.176,,111051.422,,0.279,0.183,32.506,21.306,,,-0.22,-0.144,,,,,3.077,2.017,,,169.428,0.016,0.097,0.087,0.0,0.029,0.093,0.064,0.0,0.601,0.415,0.01,0.071,,0.067,0.41,-0.006,0.026,,0.096,0.001,0.001,0.002,0.0,,,,
46352,Tunisia,2021,TUN,12262949.0,,3.223,0.263,31.583,4.004,14.52,30.85,3.895,14.448,2.516,,0.264,2.575,,0.27,0.0,0.0,,,,109.561,938.316,1391.333,14.601,14.192,270.906,546.632,529.056,,9524.104,,0.512,0.042,13.682,1.116,,,-0.733,-0.06,,,,,14.166,1.155,,,116.794,0.193,0.085,0.075,0.0,0.243,0.054,0.056,0.002,0.077,0.107,0.074,0.087,,0.123,0.173,-0.019,0.12,,0.074,0.0,0.001,0.001,0.0,,,,
46524,Turkey,2021,TUR,84775408.0,,44.395,0.524,446.204,32.771,7.927,435.469,34.273,8.543,5.137,,0.225,5.263,,0.231,162.562,1.918,,,,912.679,11340.784,17373.158,4629.728,5.581,1780.385,6256.061,3870.462,141.951,22817.182,,0.195,0.002,114.395,1.349,,,-10.736,-0.127,,,,,118.36,1.396,0.074,6.297,1934.336,2.654,1.202,1.06,1.085,2.025,0.653,0.702,0.576,0.03,0.701,0.843,0.639,1.466,0.047,1.444,-0.273,1.0,2.126,0.648,0.003,0.006,0.01,0.001,,,,
46700,Turkmenistan,2021,TKM,6341850.0,,1.523,0.24,83.007,10.971,15.23,82.714,11.008,15.351,13.043,,0.184,13.089,,0.185,0.0,0.0,,,,38.316,2501.11,2686.618,80.133,39.195,1363.741,189.026,979.725,,70866.023,,2.199,0.347,58.76,9.265,,,-0.293,-0.046,,,,,20.525,3.236,,,449.422,0.091,0.224,0.201,0.0,0.085,0.144,0.109,0.01,0.212,0.537,0.025,0.162,,0.528,0.742,-0.007,0.173,,0.23,0.002,0.002,0.004,0.0,,,,
46872,Turks and Caicos Islands,2021,TCA,45141.0,,0.0,0.0,0.341,0.031,10.164,0.341,0.031,10.164,7.558,,0.385,7.558,,0.385,0.0,0.0,,,,0.0,6.436,6.913,0.0,0.0,0.0,0.476,6.436,,19615.283,,0.0,0.0,0.0,0.0,,,0.0,0.0,,,,,0.341,7.558,,,0.885,0.0,0.001,0.001,0.0,0.0,0.0,0.0,0.0,0.0,0.0,0.0,0.001,,0.0,0.0,0.0,0.003,,0.0,0.0,0.0,0.0,0.0,,,,
47144,Tuvalu,2021,TUV,11229.0,,0.0,0.0,0.008,0.0,2.767,,,,,,,0.708,,,0.0,0.0,,,,0.0,0.287,,0.0,0.0,0.0,,0.287,,0.0,,0.0,0.0,0.0,0.0,,,,,,,,,0.008,0.708,,,0.0,0.0,0.0,,0.0,0.0,0.0,,0.0,0.0,0.0,,0.0,,0.0,0.0,,0.0,,0.0,0.0,0.0,0.0,0.0,,,,
47316,Uganda,2021,UGA,45853780.0,,0.582,0.013,5.78,0.273,4.966,9.957,-0.02,-0.197,0.217,,0.283,0.126,,0.164,0.0,0.0,,,,8.452,112.415,2482.107,0.0,0.0,0.0,3407.227,103.963,,766.846,,0.0,0.0,0.0,0.0,,,4.177,0.091,,,,,5.199,0.113,,,35.163,0.035,0.016,0.024,0.0,0.019,0.006,0.1,0.0,0.0,0.0,0.459,0.017,,0.0,0.0,0.106,0.044,,0.175,0.001,0.001,0.003,0.0,,,,
47492,Ukraine,2021,UKR,43531424.0,,4.421,0.102,201.858,-5.083,-2.456,215.085,-4.021,-1.835,4.941,,0.23,4.637,,0.216,101.83,2.339,,,,400.974,30784.732,43581.898,17063.645,170.892,6293.958,13143.647,6740.762,114.503,21459.945,,2.304,0.053,54.076,1.242,,,13.227,0.304,,,,,36.453,0.837,0.064,2.773,934.182,0.264,0.544,0.524,0.68,0.89,1.772,1.761,2.122,0.926,2.477,1.77,1.113,1.182,0.553,0.683,0.336,0.308,0.936,1.383,0.003,0.017,0.022,0.001,,,,
47664,United Arab Emirates,2021,ARE,9365149.0,,5.728,0.612,204.087,5.002,2.513,204.05,5.002,2.513,21.788,,0.156,21.792,,0.156,6.695,0.715,,,,148.274,5101.479,5103.055,79.674,419.573,3041.274,1.576,1412.684,,139828.766,,1.634,0.174,130.187,13.901,,,-0.037,-0.004,,,,,59.843,6.39,,,1309.517,0.342,0.55,0.497,0.045,0.329,0.294,0.206,0.01,2.274,1.197,0.0,0.233,,0.392,1.643,-0.001,0.506,,0.264,0.002,0.002,0.004,0.0,,,,
47936,United Kingdom,2021,GBR,67281040.0,,3.9,0.058,346.773,20.51,6.286,353.039,21.06,6.344,5.247,,0.177,5.154,,0.173,23.69,0.352,,,,523.547,78508.719,76080.102,56850.594,290.455,7183.232,1152.108,13545.631,115.259,29716.807,,3.474,0.052,158.864,2.361,,,6.265,0.093,,,,,154.111,2.291,0.041,2.735,1999.378,0.233,0.934,0.86,0.158,1.162,4.52,3.074,7.069,1.574,2.827,0.155,2.237,1.19,0.834,2.005,0.159,1.302,0.924,2.411,0.003,0.034,0.039,0.002,,,,
48158,United States,2021,USA,336997632.0,,41.203,0.122,5007.336,291.645,6.185,5120.114,299.669,6.217,15.193,,0.197,14.859,,0.193,1002.3,2.974,,,,2795.831,421906.844,546127.562,175444.984,2421.253,78542.547,124390.891,161275.016,1427.211,76988.75,,67.684,0.201,1637.038,4.858,,,112.778,0.335,,,,,2233.778,6.628,0.075,25.332,25945.025,2.463,13.488,12.469,6.691,6.204,24.29,22.067,21.816,13.12,30.915,16.753,26.636,14.738,16.25,20.665,2.863,18.871,8.554,17.335,0.035,0.233,0.279,0.011,,,,
48330,United States Virgin Islands,2021,VIR,100100.0,,,,,,,,,,,,,,,,,,,,,,,,,,,-3.627,,,97972.117,,,,,,,,-0.073,,,,,,,,,,9.807,,,,,,,,,,,-0.0,,,,,-0.002,,,,,,,,,,,
48602,Upper-middle-income countries,2021,,2548718303.0,,1055.123,0.414,17002.451,815.292,5.037,19438.576,883.761,4.763,7.628,,0.273,6.672,,0.239,9385.535,3.683,,,,22657.779,522373.969,908012.812,280450.562,6522.592,67072.82,422882.156,139737.953,5932.26,27324.119,,186.833,0.073,2571.661,1.009,,,2444.291,0.959,,,,,3596.812,1.411,0.081,206.487,69641.484,63.083,45.799,47.339,62.655,50.276,30.075,36.689,34.874,35.345,26.401,56.955,23.079,61.257,44.855,32.463,62.053,30.386,69.725,34.634,0.162,0.369,0.558,0.026,,,,
48774,Uruguay,2021,URY,3426265.0,,0.291,0.085,6.738,0.441,7.007,16.924,0.551,3.366,4.939,,0.27,1.967,,0.107,0.002,0.001,,,,20.712,378.347,599.029,4.085,0.0,2.903,556.195,350.646,,18316.926,,0.0,0.0,0.158,0.046,,,10.186,2.973,,,,,6.287,1.835,,,62.759,0.017,0.018,0.041,0.0,0.046,0.022,0.024,0.001,0.0,0.001,0.075,0.058,,0.0,0.002,0.259,0.053,,0.14,0.001,0.001,0.002,0.0,,,,
48950,Uzbekistan,2021,UZB,34081452.0,,4.679,0.137,121.631,3.392,2.869,119.909,3.502,3.008,3.518,,0.213,3.569,,0.216,8.084,0.237,,,,173.442,6346.993,6750.507,566.412,52.303,3914.009,415.314,1640.828,,16552.881,,0.881,0.026,96.181,2.822,,,-1.722,-0.051,,,,,11.806,0.346,,,564.146,0.28,0.328,0.292,0.054,0.385,0.365,0.273,0.07,0.283,1.541,0.056,0.271,,0.212,1.214,-0.044,0.1,,0.402,0.003,0.003,0.006,0.0,,,,
49122,Vanuatu,2021,VUT,319146.0,,0.0,0.0,0.175,0.005,2.768,-0.998,0.041,-3.98,-3.126,,-1.057,0.548,,0.185,0.0,0.0,,,,0.0,4.896,83.085,0.155,0.0,0.0,155.024,4.741,,2957.444,,0.0,0.0,0.0,0.0,,,-1.172,-3.674,,,,,0.175,0.548,,,0.944,0.0,0.0,-0.002,0.0,0.0,0.0,0.003,0.0,0.0,0.0,0.021,0.001,,0.0,0.0,-0.03,0.001,,0.004,0.0,0.0,0.0,0.0,,,,
49294,Venezuela,2021,VEN,28199862.0,,1.774,0.063,79.747,3.279,4.288,92.314,3.133,3.513,3.274,,0.158,2.828,,0.137,0.036,0.001,,,,153.105,7819.968,12721.521,37.781,1286.701,2377.122,6639.938,3965.26,,20686.414,,15.395,0.546,32.319,1.146,,,12.568,0.446,,,,,30.222,1.072,,,583.354,0.106,0.215,0.225,0.0,0.34,0.45,0.514,0.005,6.972,0.936,0.894,0.655,,3.696,0.408,0.319,0.255,,0.651,0.004,0.006,0.01,0.0,,,,
49466,Vietnam,2021,VNM,97468024.0,,54.121,0.555,326.014,-2.886,-0.877,505.989,-2.373,-0.467,5.191,,0.419,3.345,,0.27,196.518,2.016,,,,620.706,4623.865,13144.9,2266.976,17.335,310.351,10050.498,1408.498,,12375.912,,1.082,0.011,13.679,0.14,,,179.976,1.847,,,,,60.614,0.622,,,1206.256,3.236,0.878,1.232,1.312,1.377,0.266,0.531,0.282,0.094,0.122,1.354,0.233,,0.26,0.173,4.569,0.512,,0.673,0.004,0.006,0.011,0.0,,,,
49637,Wallis and Futuna,2021,WLF,11654.0,,0.0,0.0,0.028,0.001,2.767,,,,,,,2.387,,,0.0,0.0,,,,0.0,0.773,,0.0,0.0,0.0,,0.773,,,,0.0,0.0,0.0,0.0,,,,,,,,,0.028,2.387,,,,0.0,0.0,,0.0,0.0,0.0,,0.0,0.0,0.0,,0.0,,0.0,0.0,,0.0,,0.0,,0.0,0.0,,,,,
49809,Western Sahara,2021,ESH,565590.0,,,,,,,,,,,,,,,,,,,,,,,,,,,0.0,,,1937.933,,,,,,,,0.0,,,,,,,,,,1.096,,,,,,,,,,,0.0,,,,,0.0,,,,,,,,,,,
50081,World,2021,,7909295104.0,,1672.592,0.211,37123.852,1859.764,5.274,41062.895,1741.05,4.428,5.192,,0.247,4.694,,0.224,14979.598,1.894,37123.852,4.694,,45066.926,1736930.125,2474858.0,804190.0,18454.287,254057.828,742490.562,605476.75,9684.208,20981.156,,416.526,0.053,7921.83,1.002,,,3939.044,0.498,,,,,11837.159,1.497,0.037,296.146,165946.156,100.0,100.0,100.0,100.0,100.0,100.0,100.0,100.0,100.0,100.0,100.0,100.0,100.0,100.0,100.0,100.0,100.0,100.0,100.0,0.415,1.113,1.611,0.083,,,0.0,0.0
50253,Yemen,2021,YEM,32981644.0,,0.664,0.02,12.477,0.336,2.771,10.938,0.336,3.174,0.332,,0.307,0.378,,0.35,0.246,0.007,,,,23.039,651.597,673.984,4.977,14.862,13.635,-37.446,595.083,,1080.039,,1.768,0.054,0.207,0.006,,,-1.539,-0.047,,,,,9.593,0.291,,,35.621,0.04,0.034,0.027,0.002,0.051,0.038,0.027,0.001,0.081,0.005,-0.005,0.098,,0.424,0.003,-0.039,0.081,,0.07,0.001,0.0,0.001,0.0,,,,
50425,Zambia,2021,ZMB,19473132.0,,0.961,0.049,7.676,0.396,5.432,67.839,-1.107,-1.605,3.484,,1.019,0.394,,0.115,2.464,0.127,,,,17.149,257.662,4953.627,119.898,0.0,0.0,8015.66,120.615,,3418.863,,0.0,0.0,0.0,0.0,,,60.163,3.09,,,,,4.252,0.218,,,66.576,0.057,0.021,0.165,0.016,0.038,0.015,0.2,0.015,0.0,0.0,1.08,0.02,,0.0,0.0,1.527,0.036,,0.219,0.001,0.002,0.004,0.0,,,,
50597,Zimbabwe,2021,ZWE,15993525.0,,0.57,0.036,11.296,0.688,6.488,18.771,0.285,1.543,1.174,,0.445,0.706,,0.268,7.226,0.452,,,,20.745,798.217,3051.431,626.538,0.0,0.0,2313.889,150.934,,2635.154,,0.0,0.0,0.0,0.0,,,7.475,0.467,,,,,3.501,0.219,,,42.145,0.034,0.03,0.046,0.048,0.046,0.046,0.123,0.078,0.0,0.0,0.312,0.025,,0.0,0.0,0.19,0.03,,0.111,0.001,0.001,0.002,0.0,,,,
